"date";"value";"type";"name";"color"
"2008-03-05";"40180206";"1988basti";"Timbaland - Apologize (feat. One Republic)";"#f20014"
"2008-06-11";"57517949";"1988basti";"Timbaland - Apologize (feat. One Republic)";"#f20014"
"2008-09-25";"67058591";"1988basti";"Timbaland - Apologize (feat. One Republic)";"#f20014"
"2008-11-30";"70092040";"1988basti";"Timbaland - Apologize (feat. One Republic)";"#f20014"
"2009-07-08";"76079853";"1988basti";"Timbaland - Apologize (feat. One Republic)";"#f20014"
"2009-12-19";"78714630";"1988basti";"Timbaland - Apologize (feat. One Republic)";"#f20014"
"2011-05-30";"173052464";"294tv";"An experiment";"#7800f1"
"2011-12-31";"217653682";"294tv";"An experiment";"#7800f1"
"2008-06-11";"73179866";"AbolishTheSenateOrg";"XXX PORN XXX";"#0c00f0"
"2008-09-25";"85179866";"AbolishTheSenateOrg";"XXX PORN XXX";"#0c00f0"
"2008-11-30";"99124854";"AbolishTheSenateOrg";"XXX PORN XXX";"#0c00f0"
"2009-05-29";"107662515";"AbolishTheSenateOrg";"XXX PORN XXX";"#0c00f0"
"2009-07-08";"108691683";"AbolishTheSenateOrg";"XXX PORN XXX";"#0c00f0"
"2009-10-10";"109536358";"AbolishTheSenateOrg";"XXX PORN XXX";"#0c00f0"
"2009-12-19";"111348547";"AbolishTheSenateOrg";"XXX PORN XXX";"#0c00f0"
"2012-11-17";"351589545";"Adele";"Adele - Rolling In The Deep";"#0097ef"
"2013-02-01";"372861595";"Adele";"Adele - Rolling In The Deep";"#0097ef"
"2014-09-01";"536753879";"Adele";"Adele - Rolling In The Deep";"#0097ef"
"2015-02-08";"604064271";"Adele";"Adele - Rolling In The Deep";"#0097ef"
"2016-04-30";"1469715147";"Adele";"Adele - Hello";"#0097ef"
"2016-11-02";"1760507094";"Adele";"Adele - Hello";"#0097ef"
"2017-03-05";"1898342517";"Adele";"Adele - Hello";"#0097ef"
"2017-07-14";"2005841459";"Adele";"Adele - Hello";"#0097ef"
"2017-09-21";"2062416410";"Adele";"Adele - Hello";"#0097ef"
"2017-12-12";"2153300834";"Adele";"Adele - Hello";"#0097ef"
"2019-01-09";"2457207884";"Adele";"Adele - Hello";"#0097ef"
"2005-12-20";"298724";"akicyra";"korean madness";"#00a581"
"2008-03-05";"39246063";"aliciakeys";"Alicia Keys - No One";"#a52c79"
"2008-06-11";"54940828";"aliciakeys";"Alicia Keys - No One";"#a52c79"
"2008-11-30";"70442210";"aliciakeys";"Alicia Keys - No One";"#a52c79"
"2009-07-08";"81216503";"aliciakeys";"Alicia Keys - No One";"#a52c79"
"2009-12-19";"84947482";"aliciakeys";"Alicia Keys - No One";"#a52c79"
"2007-03-23";"8079802";"alyankovic";"White & Nerdy";"#23bf00"
"2007-04-08";"8613132";"alyankovic";"White & Nerdy";"#23bf00"
"2006-04-14";"4181669";"angelstars07";"Panic! At The Disco -I Write Sins Not Tragedies";"#daea00"
"2006-07-07";"5596939";"angelstars07";"Panic! At The Disco -I Write Sins Not Tragedies";"#daea00"
"2006-08-21";"5771875";"angelstars07";"Panic! At The Disco - I Write Sins Not Tragedies";"#daea00"
"2006-11-21";"6335878";"angelstars07";"Panic! At The Disco - I Write Sins Not Tragedies";"#daea00"
"2007-01-05";"6606501";"angelstars07";"Panic! At The Disco - I Write Sins Not Tragedies";"#daea00"
"2006-02-18";"1317682";"Blackbird7";"Fights & Violences";"#ea8800"
"2007-01-05";"7110240";"BlackOleg";"Hahaha";"#ea1700"
"2007-03-23";"11799379";"BlackOleg";"Hahaha";"#ea1700"
"2007-04-08";"12653590";"BlackOleg";"Hahaha";"#ea1700"
"2007-11-08";"27005744";"BlackOleg";"Hahaha";"#ea1700"
"2007-12-31";"32389135";"BlackOleg";"Hahaha";"#ea1700"
"2008-03-05";"39611070";"BlackOleg";"Hahaha";"#ea1700"
"2008-06-11";"51475422";"BlackOleg";"Hahaha";"#ea1700"
"2008-11-30";"68356153";"BlackOleg";"Hahaha";"#ea1700"
"2009-05-29";"84096729";"BlackOleg";"Hahaha";"#ea1700"
"2009-07-08";"86885245";"BlackOleg";"Hahaha";"#ea1700"
"2009-10-10";"93251699";"BlackOleg";"Hahaha";"#ea1700"
"2009-12-19";"94984657";"BlackOleg";"Hahaha";"#ea1700"
"2010-05-22";"118490748";"BlackOleg";"Hahaha";"#ea1700"
"2010-08-03";"131286665";"BlackOleg";"Hahaha";"#ea1700"
"2010-10-29";"144065461";"BlackOleg";"Hahaha";"#ea1700"
"2011-05-30";"182465754";"BlackOleg";"Hahaha";"#ea1700"
"2006-02-18";"1081229";"BloodTempest";"Napoleon Dynamite Dance Scene";"#f20014"
"2006-04-14";"4176184";"BloodTempest";"Napoleon Dynamite Dance Scene";"#f20014"
"2006-07-07";"5827864";"BloodTempest";"Napoleon Dynamite Dance Scene";"#f20014"
"2006-08-21";"6115044";"BloodTempest";"Napoleon Dynamite Dance Scene";"#f20014"
"2006-11-21";"6604549";"BloodTempest";"Napoleon Dynamite Dance Scene";"#f20014"
"2007-01-05";"6835586";"BloodTempest";"Napoleon Dynamite Dance Scene";"#f20014"
"2007-03-23";"7706656";"BloodTempest";"Napoleon Dynamite Dance Scene";"#f20014"
"2009-07-08";"70495433";"BritainsSoTalented";"Susan Boyle - Singer - Britains Got Talent 2009";"#7800f1"
"2009-12-19";"77655560";"BritainsSoTalented";"Susan Boyle - Singer - Britains Got Talent 2009";"#7800f1"
"2008-06-11";"46686883";"BritneyTV";"Britney Spears - Piece of Me ";"#0c00f0"
"2008-11-30";"45960224";"BritneyTV";"Britney Spears - Gimme More";"#0c00f0"
"2012-11-17";"346426280";"Bruno Mars";"Bruno Mars - The Lazy Song";"#0097ef"
"2013-02-01";"365079288";"Bruno Mars";"Bruno Mars - The Lazy Song";"#0097ef"
"2015-02-08";"607333091";"Bruno Mars";"Bruno Mars - The Lazy Song";"#0097ef"
"2009-07-08";"66782695";"capitolfrance";"KATY PERRY Hot'n'cold";"#00a581"
"2009-12-19";"75480524";"capitolfrance";"KATY PERRY Hot'n'cold";"#00a581"
"2012-11-17";"336060651";"CarlyRaeJepsen";"Carly Rae Jepsen - Call Me Maybe";"#a52c79"
"2013-02-01";"394571157";"CarlyRaeJepsen";"Carly Rae Jepsen - Call Me Maybe";"#a52c79"
"2014-09-01";"585621596";"CarlyRaeJepsen";"Carly Rae Jepsen - Call Me Maybe";"#a52c79"
"2015-02-08";"642290950";"CarlyRaeJepsen";"Carly Rae Jepsen - Call Me Maybe";"#a52c79"
"2007-11-08";"26404630";"chai0322";"xxx";"#23bf00"
"2007-12-31";"32084982";"chai0322";"xxx";"#23bf00"
"2008-03-05";"39419848";"chai0322";"xxx";"#23bf00"
"2006-04-14";"3922537";"CheapCanDrinker";"DHT ft Edmee - Listen To Your Heart";"#daea00"
"2006-07-07";"4745916";"CheapCanDrinker";"DHT ft Edmee - Listen To Your Heart";"#daea00"
"2006-08-21";"4865849";"CheapCanDrinker";"DHT ft Edmee - Listen To Your Heart";"#daea00"
"2006-11-21";"8242637";"ChipotleMurrin";"Southern Methodist University - The Wall";"#ea8800"
"2006-11-21";"8283928";"ChipotleMurrin";"University of Nebraska, Lincoln - Dady";"#ea1700"
"2008-06-11";"46791424";"ChrisBrownTV";"Chris Brown - Kiss Kiss ft. T-Pain ";"#f20014"
"2008-06-11";"48526157";"ChrisBrownTV";"Chris Brown - With You";"#f20014"
"2008-09-25";"68284371";"ChrisBrownTV";"Chris Brown - With You";"#f20014"
"2008-11-30";"60969410";"ChrisBrownTV";"Chris Brown - Kiss Kiss ft. T-Pain ";"#f20014"
"2008-11-30";"78797436";"ChrisBrownTV";"Chris Brown - With You";"#f20014"
"2009-05-29";"92982179";"ChrisBrownTV";"Chris Brown - With You";"#f20014"
"2009-07-08";"68199747";"ChrisBrownTV";"Chris Brown - Kiss Kiss ft. T-Pain ";"#f20014"
"2009-07-08";"94619446";"ChrisBrownTV";"Chris Brown - With You";"#f20014"
"2009-10-10";"98864427";"ChrisBrownTV";"Chris Brown - With You";"#f20014"
"2009-12-19";"70754419";"ChrisBrownTV";"Chris Brown - Kiss Kiss ft. T-Pain ";"#f20014"
"2006-11-21";"12773531";"ChrisInScotland";"Quick Change Artists on America's Got Talent";"#7800f1"
"2007-01-05";"14195325";"ChrisInScotland";"Quick Change Artists on America's Got Talent";"#7800f1"
"2007-03-23";"16379421";"ChrisInScotland";"Quick Change Artists on America's Got Talent";"#7800f1"
"2007-04-08";"16693833";"ChrisInScotland";"Quick Change Artists on America's Got Talent";"#7800f1"
"2007-11-08";"20876737";"ChrisInScotland";"Quick Change Artists on America's Got Talent";"#7800f1"
"2008-03-05";"87881143";"CLARUSBARTEL72";"CANSEI DE SER SEXY Music is My Hot Hot Sex";"#0c00f0"
"2007-01-05";"7416648";"CowSayingMoo";"shoes";"#0097ef"
"2007-03-23";"14538583";"CowSayingMoo";"shoes";"#0097ef"
"2007-04-08";"15757894";"CowSayingMoo";"shoes";"#0097ef"
"2006-11-21";"5909352";"ctcute";"hips don't lie";"#00a581"
"2006-02-18";"2294822";"DaLonStyliciouz";"NE-Yo - So Sick";"#a52c79"
"2005-12-20";"607983";"darrencharles";"Bottles Up -- The Team";"#23bf00"
"2006-02-18";"1114967";"darrencharles";"Bottles Up -- The Team";"#23bf00"
"2005-12-20";"234678";"DeKku";"Money, get a way!";"#daea00"
"2008-06-11";"92426626";"deuxjg";"Panda Disculpa los Malos Pensamientos ";"#ea8800"
"2008-09-25";"97983874";"deuxjg";"Panda Disculpa los Malos Pensamientos ";"#ea8800"
"2008-11-30";"98537897";"deuxjg";"Panda Disculpa los Malos Pensamientos ";"#ea8800"
"2009-05-29";"98217529";"deuxjg";"Panda Disculpa los Malos Pensamientos ";"#ea8800"
"2009-07-08";"98227651";"deuxjg";"Panda Disculpa los Malos Pensamientos ";"#ea8800"
"2009-10-10";"98249406";"deuxjg";"Panda Disculpa los Malos Pensamientos ";"#ea8800"
"2009-12-19";"98357258";"deuxjg";"Panda Disculpa los Malos Pensamientos ";"#ea8800"
"2007-03-23";"7553220";"diegoribas1987";"beyonce - irreplaceable";"#ea1700"
"2007-04-08";"8545434";"diegoribas1987";"beyonce - irreplaceable";"#ea1700"
"2007-11-08";"20700333";"diegoribas1987";"beyonce - irreplaceable";"#ea1700"
"2011-05-30";"158050472";"DonOmar";"Don Omar - Danza Kuduro ft. Lucenzo";"#f20014"
"2011-12-31";"276174363";"DonOmar";"Don Omar - Danza Kuduro ft. Lucenzo";"#f20014"
"2012-05-27";"348635631";"DonOmar";"Don Omar - Danza Kuduro ft. Lucenzo";"#f20014"
"2012-11-17";"404352733";"DonOmar";"Don Omar - Danza Kuduro ft. Lucenzo";"#f20014"
"2013-02-01";"421612115";"DonOmar";"Don Omar - Danza Kuduro ft. Lucenzo";"#f20014"
"2014-09-01";"591768114";"DonOmar";"Don Omar - Danza Kuduro ft. Lucenzo";"#f20014"
"2015-02-08";"642092551";"DonOmar";"Don Omar - Danza Kuduro ft. Lucenzo";"#f20014"
"2008-03-05";"47726571";"donotasyoudo";"~YouTube Worst Video of All Time~";"#7800f1"
"2008-06-11";"87756360";"donotasyoudo";"~YouTube Worst Video of All Time~";"#7800f1"
"2008-09-25";"91662510";"donotasyoudo";"~YouTube Worst Video of All Time~";"#7800f1"
"2008-11-30";"92405079";"donotasyoudo";"~YouTube Worst Video of All Time~";"#7800f1"
"2009-05-29";"94704328";"donotasyoudo";"~YouTube Worst Video of All Time~";"#7800f1"
"2009-07-08";"95782341";"donotasyoudo";"~YouTube Worst Video of All Time~";"#7800f1"
"2009-10-10";"96132154";"donotasyoudo";"~YouTube Worst Video of All Time~";"#7800f1"
"2009-12-19";"96568753";"donotasyoudo";"~YouTube Worst Video of All Time~";"#7800f1"
"2005-12-20";"234736";"drgfilms";"Somaya Reece KDAY Interview";"#0c00f0"
"2016-11-02";"1339698538";"Ed Sheeran";"Ed Sheeran - Thinking Out Loud ";"#0c00f0"
"2017-03-05";"1523763184";"Ed Sheeran";"Ed Sheeran - Thinking Out Loud ";"#0c00f0"
"2017-07-14";"1728856970";"Ed Sheeran";"Ed Sheeran - Shape of You";"#0c00f0"
"2017-07-14";"1717377665";"Ed Sheeran";"Ed Sheeran - Thinking Out Loud ";"#0c00f0"
"2017-09-21";"2379998006";"Ed Sheeran";"Ed Sheeran - Shape of You";"#0c00f0"
"2017-12-12";"2855970799";"Ed Sheeran";"Ed Sheeran - Shape of You";"#0c00f0"
"2017-12-12";"1984373940";"Ed Sheeran";"Ed Sheeran - Thinking Out Loud ";"#0c00f0"
"2019-01-09";"4005462621";"Ed Sheeran";"Ed Sheeran - Shape of You";"#0c00f0"
"2019-01-09";"2611497305";"Ed Sheeran";"Ed Sheeran - Thinking Out Loud ";"#0c00f0"
"2019-03-06";"4108550333";"Ed Sheeran";"Ed Sheeran - Shape of You";"#0c00f0"
"2006-02-18";"2791321";"eggtea";"Myspace - THE MOVIE!";"#0097ef"
"2006-04-14";"5235022";"eggtea";"Myspace - THE MOVIE!";"#0097ef"
"2006-07-07";"6824675";"eggtea";"Myspace - THE MOVIE!";"#0097ef"
"2011-05-30";"165151696";"ElektraRecords";"Bruno Mars - Grenade ";"#00a581"
"2011-12-31";"229157785";"ElektraRecords";"Bruno Mars - Grenade ";"#00a581"
"2011-12-31";"254253951";"ElektraRecords";"Bruno Mars - The Lazy Song";"#00a581"
"2016-04-30";"1082618535";"EllieGoulding";"Ellie Goulding - Love Me Like You Do ";"#a52c79"
"2010-10-29";"177154641";"Eminem";"Eminem - Love The Way You Lie ft. Rihanna";"#23bf00"
"2010-10-29";"138281920";"Eminem";"Eminem - Not Afraid";"#23bf00"
"2011-05-30";"339687056";"Eminem";"Eminem - Love The Way You Lie ft. Rihanna";"#23bf00"
"2011-05-30";"239937439";"Eminem";"Eminem - Not Afraid";"#23bf00"
"2011-12-31";"413586456";"Eminem";"Eminem - Love The Way You Lie ft. Rihanna";"#23bf00"
"2011-12-31";"301218735";"Eminem";"Eminem - Not Afraid";"#23bf00"
"2012-05-27";"462450708";"Eminem";"Eminem - Love The Way You Lie ft. Rihanna";"#23bf00"
"2012-05-27";"339617198";"Eminem";"Eminem - Not Afraid";"#23bf00"
"2012-11-17";"515219261";"Eminem";"Eminem - Love The Way You Lie ft. Rihanna";"#23bf00"
"2012-11-17";"374051422";"Eminem";"Eminem - Not Afraid";"#23bf00"
"2013-02-01";"535228516";"Eminem";"Eminem - Love The Way You Lie ft. Rihanna";"#23bf00"
"2013-02-01";"387622016";"Eminem";"Eminem - Not Afraid";"#23bf00"
"2014-09-01";"734595869";"Eminem";"Eminem - Love The Way You Lie ft. Rihanna";"#23bf00"
"2014-09-01";"538005175";"Eminem";"Eminem - Not Afraid";"#23bf00"
"2015-02-08";"807967074";"Eminem";"Eminem - Love The Way You Lie ft. Rihanna";"#23bf00"
"2015-08-04";"903789699";"Eminem";"Eminem - Love The Way You Lie ft. Rihanna";"#23bf00"
"2019-01-09";"2664967807";"Enrique Iglesias";"Enrique Iglesias - Bailando ";"#daea00"
"2015-02-08";"712738103";"EnriqueIglesias";"Enrique Iglesias - Bailando ";"#daea00"
"2015-08-04";"985198200";"EnriqueIglesias";"Enrique Iglesias - Bailando ";"#daea00"
"2016-04-30";"1380713306";"EnriqueIglesias";"Enrique Iglesias - Bailando ";"#daea00"
"2016-11-02";"1675344794";"EnriqueIglesias";"Enrique Iglesias - Bailando ";"#daea00"
"2017-03-05";"1944263642";"EnriqueIglesias";"Enrique Iglesias - Bailando ";"#daea00"
"2017-07-14";"2232445572";"EnriqueIglesias";"Enrique Iglesias - Bailando ";"#daea00"
"2017-09-21";"2359418859";"EnriqueIglesias";"Enrique Iglesias - Bailando ";"#daea00"
"2017-12-12";"2441527072";"EnriqueIglesias";"Enrique Iglesias - Bailando ";"#daea00"
"2006-02-18";"1791737";"faizza";"Mary J. Blige - Be Without You";"#ea8800"
"2006-02-18";"1525046";"faizza";"Pussycat Dolls feat. Will.I.Am - Beep";"#ea8800"
"2010-10-29";"105807811";"Flowgo";"Tootin' Bathtub Baby Cousins";"#ea1700"
"2011-05-30";"188243228";"Flowgo";"Tootin' Bathtub Baby Cousins";"#ea1700"
"2011-12-31";"214620919";"Flowgo";"Tootin' Bathtub Baby Cousins";"#ea1700"
"2007-11-08";"25091661";"garantiarkadas";"Tuğba Özay ve 250.000ci";"#f20014"
"2007-12-31";"25153416";"garantiarkadas";"Tuğba Özay ve 250.000ci";"#f20014"
"2016-04-30";"1307945031";"Get Movies";"Masha and The Bear";"#7800f1"
"2016-11-02";"1705281088";"Get Movies";"Masha and The Bear";"#7800f1"
"2017-03-05";"1981365366";"Get Movies";"Masha and The Bear";"#7800f1"
"2017-07-14";"2309399555";"Get Movies";"Masha and The Bear";"#7800f1"
"2017-09-21";"2475574109";"Get Movies";"Masha and The Bear";"#7800f1"
"2017-12-12";"2695380801";"Get Movies";"Masha and The Bear";"#7800f1"
"2019-01-09";"3396936191";"Get Movies";"Masha and The Bear";"#7800f1"
"2019-03-06";"3510232874";"Get Movies";"Masha and The Bear";"#7800f1"
"2012-11-17";"346500499";"gotyemusic";"Gotye - Somebody That I Used To Know";"#0c00f0"
"2013-02-01";"371044171";"gotyemusic";"Gotye - Somebody That I Used To Know";"#0c00f0"
"2014-09-01";"542397635";"gotyemusic";"Gotye - Somebody That I Used To Know";"#0c00f0"
"2005-12-20";"269574";"groovydancer";"cute lil gal";"#0097ef"
"2005-12-20";"702151";"grotesko";"WOW meets Porn";"#00a581"
"2006-07-07";"6156392";"guitar90";"guitar";"#a52c79"
"2006-08-21";"7349516";"guitar90";"guitar";"#a52c79"
"2006-11-21";"10952161";"guitar90";"guitar";"#a52c79"
"2007-01-05";"12349356";"guitar90";"guitar";"#a52c79"
"2007-03-23";"17017236";"guitar90";"guitar";"#a52c79"
"2007-04-08";"17894351";"guitar90";"guitar";"#a52c79"
"2007-11-08";"31199488";"guitar90";"guitar";"#a52c79"
"2007-12-31";"34770497";"guitar90";"guitar";"#a52c79"
"2008-03-05";"38926845";"guitar90";"guitar";"#a52c79"
"2008-11-30";"52511848";"guitar90";"guitar";"#a52c79"
"2006-07-07";"4779596";"h1dekikun";"Cascada - Everytime We Touch";"#23bf00"
"2006-08-21";"5043290";"h1dekikun";"Cascada - Everytime We Touch";"#23bf00"
"2006-07-07";"5245106";"halftime5050";"D1大整古-流 動廁所";"#daea00"
"2006-08-21";"8878541";"halftime5050";"D1大整古-流 動廁所";"#daea00"
"2009-12-19";"71695412";"Hard2beatRecords";"Basshunter : Now You're Gone";"#ea8800"
"2008-11-30";"64759312";"HDCYT";"Charlie bit my finger - again !";"#ea1700"
"2009-05-29";"98548331";"HDCYT";"Charlie bit my finger - again !";"#ea1700"
"2009-07-08";"106635913";"HDCYT";"Charlie bit my finger - again !";"#ea1700"
"2009-10-10";"125860858";"HDCYT";"Charlie bit my finger - again !";"#ea1700"
"2009-12-19";"129426144";"HDCYT";"Charlie bit my finger - again !";"#ea1700"
"2010-05-22";"193066604";"HDCYT";"Charlie bit my finger - again !";"#ea1700"
"2010-08-03";"215898895";"HDCYT";"Charlie bit my finger - again !";"#ea1700"
"2010-10-29";"243586378";"HDCYT";"Charlie bit my finger - again !";"#ea1700"
"2011-05-30";"329118011";"HDCYT";"Charlie bit my finger - again !";"#ea1700"
"2011-12-31";"397136684";"HDCYT";"Charlie bit my finger - again !";"#ea1700"
"2012-05-27";"456145495";"HDCYT";"Charlie bit my finger - again !";"#ea1700"
"2012-11-17";"496032947";"HDCYT";"Charlie bit my finger - again !";"#ea1700"
"2013-02-01";"509907812";"HDCYT";"Charlie bit my finger - again !";"#ea1700"
"2014-09-01";"762870084";"HDCYT";"Charlie bit my finger - again !";"#ea1700"
"2015-02-08";"810557569";"HDCYT";"Charlie bit my finger - again !";"#ea1700"
"2015-08-04";"825953403";"HDCYT";"Charlie bit my finger - again !";"#ea1700"
"2007-12-31";"24669811";"hereforyou13";"High School Musical";"#f20014"
"2008-03-05";"30877692";"hereforyou13";"High School Musical";"#f20014"
"2008-11-30";"47924667";"hereforyou13";"High School Musical";"#f20014"
"2008-11-30";"50127257";"hollywoodrecords";"Miley Cyrus - 7 Things";"#7800f1"
"2009-07-08";"90670330";"hollywoodrecords";"Miley Cyrus - 7 Things";"#7800f1"
"2009-07-08";"64481513";"hollywoodrecords";"Vanessa Hudgens Say Ok Music Video ";"#7800f1"
"2009-10-10";"102452397";"hollywoodrecords";"Miley Cyrus - 7 Things";"#7800f1"
"2009-12-19";"103683723";"hollywoodrecords";"Miley Cyrus - 7 Things";"#7800f1"
"2009-12-19";"74340870";"hollywoodrecords";"Vanessa Hudgens Say Ok Music Video ";"#7800f1"
"2010-05-22";"117884017";"hollywoodrecords";"Miley Cyrus - 7 Things";"#7800f1"
"2010-05-22";"116320965";"hollywoodrecords";"Miley Cyrus - Party In The U.S.A.";"#7800f1"
"2010-08-03";"127284723";"hollywoodrecords";"Miley Cyrus - 7 Things";"#7800f1"
"2010-08-03";"143818577";"hollywoodrecords";"Miley Cyrus - Party In The U.S.A.";"#7800f1"
"2010-10-29";"135674329";"hollywoodrecords";"Miley Cyrus - 7 Things";"#7800f1"
"2010-10-29";"168005282";"hollywoodrecords";"Miley Cyrus - Party In The U.S.A.";"#7800f1"
"2010-10-29";"114823325";"hollywoodrecords";"Miley Cyrus - The Climb";"#7800f1"
"2010-10-29";"94792295";"hollywoodrecords";"Vanessa Hudgens Say Ok Music Video ";"#7800f1"
"2011-05-30";"221900954";"hollywoodrecords";"Miley Cyrus - Party In The U.S.A.";"#7800f1"
"2011-12-31";"262564527";"hollywoodrecords";"Miley Cyrus - Party In The U.S.A.";"#7800f1"
"2012-11-17";"308708165";"hollywoodrecords";"Miley Cyrus - Party In The U.S.A.";"#7800f1"
"2013-02-01";"317341054";"hollywoodrecords";"Miley Cyrus - Party In The U.S.A.";"#7800f1"
"2006-04-14";"3146740";"hyjeak61";"comic soccer";"#0c00f0"
"2006-07-07";"6424715";"hyjeak61";"comic soccer";"#0c00f0"
"2006-08-21";"7300194";"hyjeak61";"comic soccer";"#0c00f0"
"2007-11-08";"26755311";"IMVUinc";"IMVU - www.IMVU.com";"#0097ef"
"2007-12-31";"38151731";"IMVUinc";"IMVU - www.IMVU.com";"#0097ef"
"2008-03-05";"53508397";"IMVUinc";"IMVU - www.IMVU.com";"#0097ef"
"2008-06-11";"71306788";"IMVUinc";"IMVU - www.IMVU.com";"#0097ef"
"2008-09-25";"72004269";"IMVUinc";"IMVU - www.IMVU.com";"#0097ef"
"2008-11-30";"73425972";"IMVUinc";"IMVU - www.IMVU.com";"#0097ef"
"2009-07-08";"72000000";"IMVUinc";"IMVU - www.IMVU.com";"#0097ef"
"2009-12-19";"73212658";"IMVUinc";"IMVU - www.IMVU.com";"#0097ef"
"2008-06-11";"89160731";"internmarket";"Cut Chemist feat. Hymnal What's the Altitude ";"#00a581"
"2008-09-25";"93590942";"internmarket";"Cut Chemist feat. Hymnal What's the Altitude ";"#00a581"
"2008-11-30";"93564298";"internmarket";"Cut Chemist feat. Hymnal What's the Altitude ";"#00a581"
"2007-03-23";"8675557";"j0sealan";"muffins";"#a52c79"
"2007-04-08";"9419985";"j0sealan";"muffins";"#a52c79"
"2005-12-20";"215964";"jbailey0909";"soccer violence compilation";"#23bf00"
"2006-02-18";"1816264";"jbailey0909";"soccer violence compilation";"#23bf00"
"2011-05-30";"200701476";"JenniferLopez";"Jennifer Lopez - On The Floor ft. Pitbull";"#daea00"
"2011-12-31";"461870498";"JenniferLopez";"Jennifer Lopez - On The Floor ft. Pitbull";"#daea00"
"2012-05-27";"544027259";"JenniferLopez";"Jennifer Lopez - On The Floor ft. Pitbull";"#daea00"
"2012-11-17";"621831498";"JenniferLopez";"Jennifer Lopez - On The Floor ft. Pitbull";"#daea00"
"2013-02-01";"644576188";"JenniferLopez";"Jennifer Lopez - On The Floor ft. Pitbull";"#daea00"
"2014-09-01";"776980480";"JenniferLopez";"Jennifer Lopez - On The Floor ft. Pitbull";"#daea00"
"2015-02-08";"807966171";"JenniferLopez";"Jennifer Lopez - On The Floor ft. Pitbull";"#daea00"
"2015-08-04";"849462409";"JenniferLopez";"Jennifer Lopez - On The Floor ft. Pitbull";"#daea00"
"2006-02-18";"1018182";"jlosman";"Baywatch";"#ea8800"
"2005-12-20";"1127403";"joeB";"Cross Bar";"#ea1700"
"2006-02-18";"1449627";"joeB";"Cross Bar";"#ea1700"
"2008-11-30";"47595877";"Jonas Brothers";"Jonas Brothers - Burnin' Up";"#f20014"
"2008-11-30";"51757782";"Jonas Brothers";"Jonas Brothers - SOS Music Video";"#f20014"
"2009-07-08";"68125415";"Jonas Brothers";"Jonas Brothers - Burnin' Up";"#f20014"
"2009-07-08";"68327887";"Jonas Brothers";"Jonas Brothers - SOS Music Video";"#f20014"
"2009-12-19";"73366896";"Jonas Brothers";"Jonas Brothers - Burnin' Up";"#f20014"
"2009-12-19";"73107765";"Jonas Brothers";"Jonas Brothers - SOS Music Video";"#f20014"
"2007-11-08";"27392113";"Jonasss";"Beyonce ft. Shakira - Beautiful Liar (mv)";"#7800f1"
"2006-07-07";"27783328";"judsonlaipply";"Evolution of Dance";"#0c00f0"
"2006-08-21";"31337276";"judsonlaipply";"Evolution of Dance";"#0c00f0"
"2006-11-21";"35811644";"judsonlaipply";"Evolution of Dance";"#0c00f0"
"2007-01-05";"37781216";"judsonlaipply";"Evolution of Dance";"#0c00f0"
"2007-03-23";"44717468";"judsonlaipply";"Evolution of Dance";"#0c00f0"
"2007-04-08";"45771536";"judsonlaipply";"Evolution of Dance";"#0c00f0"
"2007-11-08";"63716039";"judsonlaipply";"Evolution of Dance";"#0c00f0"
"2007-12-31";"69829964";"judsonlaipply";"Evolution of Dance";"#0c00f0"
"2008-03-05";"77195394";"judsonlaipply";"Evolution of Dance";"#0c00f0"
"2008-06-11";"88064877";"judsonlaipply";"Evolution of Dance";"#0c00f0"
"2008-09-25";"99427197";"judsonlaipply";"Evolution of Dance";"#0c00f0"
"2008-11-30";"105748145";"judsonlaipply";"Evolution of Dance";"#0c00f0"
"2009-05-29";"120421926";"judsonlaipply";"Evolution of Dance";"#0c00f0"
"2009-07-08";"122426408";"judsonlaipply";"Evolution of Dance";"#0c00f0"
"2009-10-10";"127783349";"judsonlaipply";"Evolution of Dance";"#0c00f0"
"2009-12-19";"129088791";"judsonlaipply";"Evolution of Dance";"#0c00f0"
"2010-05-22";"142978429";"judsonlaipply";"Evolution of Dance";"#0c00f0"
"2010-08-03";"148660162";"judsonlaipply";"Evolution of Dance";"#0c00f0"
"2011-05-30";"173515217";"judsonlaipply";"Evolution of Dance";"#0c00f0"
"2010-05-22";"152839157";"Justin Bieber";"Justin Bieber - Baby ft. Ludacris";"#0097ef"
"2010-08-03";"272100612";"Justin Bieber";"Justin Bieber - Baby ft. Ludacris";"#0097ef"
"2010-10-29";"369929357";"Justin Bieber";"Justin Bieber - Baby ft. Ludacris";"#0097ef"
"2010-10-29";"97559697";"Justin Bieber";"Justin Bieber - Never Let You Go";"#0097ef"
"2010-10-29";"99299137";"Justin Bieber";"Justin Bieber - Never Say Never ft. Jaden Smith";"#0097ef"
"2011-05-30";"552833170";"Justin Bieber";"Justin Bieber - Baby ft. Ludacris";"#0097ef"
"2011-05-30";"213672879";"Justin Bieber";"Justin Bieber - Never Say Never ft. Jaden Smith";"#0097ef"
"2011-05-30";"162581009";"Justin Bieber";"Justin Bieber - Somebody To Love Remix ft. Usher";"#0097ef"
"2011-12-31";"675428876";"Justin Bieber";"Justin Bieber - Baby ft. Ludacris";"#0097ef"
"2011-12-31";"286387746";"Justin Bieber";"Justin Bieber - Never Say Never ft. Jaden Smith";"#0097ef"
"2011-12-31";"278636101";"Justin Bieber";"Justin Bieber - One Time";"#0097ef"
"2012-05-27";"741532776";"Justin Bieber";"Justin Bieber - Baby ft. Ludacris";"#0097ef"
"2012-11-17";"800933949";"Justin Bieber";"Justin Bieber - Baby ft. Ludacris";"#0097ef"
"2012-11-17";"346890083";"Justin Bieber";"Justin Bieber - Never Say Never ft. Jaden Smith";"#0097ef"
"2012-11-17";"306158016";"Justin Bieber";"Justin Bieber - One Time";"#0097ef"
"2013-02-01";"826390311";"Justin Bieber";"Justin Bieber - Baby ft. Ludacris";"#0097ef"
"2013-02-01";"356194121";"Justin Bieber";"Justin Bieber - Never Say Never ft. Jaden Smith";"#0097ef"
"2014-09-01";"1081047072";"Justin Bieber";"Justin Bieber - Baby ft. Ludacris";"#0097ef"
"2015-02-08";"1135478763";"Justin Bieber";"Justin Bieber - Baby ft. Ludacris";"#0097ef"
"2015-08-04";"1196597962";"Justin Bieber";"Justin Bieber - Baby ft. Ludacris";"#0097ef"
"2016-04-30";"1359610236";"Justin Bieber";"Justin Bieber - Baby ft. Ludacris";"#0097ef"
"2016-04-30";"1287953778";"Justin Bieber";"Justin Bieber - Sorry (PURPOSE : The Movement)";"#0097ef"
"2016-11-02";"1474127159";"Justin Bieber";"Justin Bieber - Baby ft. Ludacris";"#0097ef"
"2016-11-02";"1927709045";"Justin Bieber";"Justin Bieber - Sorry (PURPOSE : The Movement)";"#0097ef"
"2016-11-02";"1303577048";"Justin Bieber";"Justin Bieber - What Do You Mean?";"#0097ef"
"2017-03-05";"1561342694";"Justin Bieber";"Justin Bieber - Baby ft. Ludacris";"#0097ef"
"2017-03-05";"2301017707";"Justin Bieber";"Justin Bieber - Sorry (PURPOSE : The Movement)";"#0097ef"
"2017-03-05";"1537482541";"Justin Bieber";"Justin Bieber - What Do You Mean?";"#0097ef"
"2017-07-14";"2634374244";"Justin Bieber";"Justin Bieber - Sorry (PURPOSE : The Movement)";"#0097ef"
"2017-07-14";"1725501953";"Justin Bieber";"Justin Bieber - What Do You Mean?";"#0097ef"
"2017-09-21";"2769773043";"Justin Bieber";"Justin Bieber - Sorry (PURPOSE : The Movement)";"#0097ef"
"2017-12-12";"2846397188";"Justin Bieber";"Justin Bieber - Sorry (PURPOSE : The Movement)";"#0097ef"
"2019-01-09";"3062613011";"Justin Bieber";"Justin Bieber - Sorry (PURPOSE : The Movement)";"#0097ef"
"2019-03-06";"3095306057";"Justin Bieber";"Justin Bieber - Sorry (PURPOSE : The Movement)";"#0097ef"
"2007-11-08";"33257654";"kaejane";"Lo que tó Quieras Oór";"#00a581"
"2007-12-31";"47098078";"kaejane";"Lo que tó Quieras Oór";"#00a581"
"2008-03-05";"61970880";"kaejane";"Lo que tó Quieras Oór";"#00a581"
"2008-06-11";"72451498";"kaejane";"Lo que tó Quieras Oór";"#00a581"
"2008-09-25";"76372783";"kaejane";"Lo que tó Quieras Oór";"#00a581"
"2008-11-30";"77548968";"kaejane";"Lo que tó Quieras Oór";"#00a581"
"2009-05-29";"92410334";"kaejane";"Lo que tó Quieras Oór";"#00a581"
"2009-07-08";"96529723";"kaejane";"Lo que tó Quieras Oór";"#00a581"
"2009-10-10";"98129809";"kaejane";"Lo que tó Quieras Oór";"#00a581"
"2009-12-19";"98324461";"kaejane";"Lo que tó Quieras Oór";"#00a581"
"2005-12-20";"402735";"kailos";"Santiago Segura echando el rollo por bajar Torrente 3";"#23bf00"
"2011-05-30";"188467693";"Katy Perry";"Katy Perry - Firework";"#23bf00"
"2011-12-31";"257347171";"Katy Perry";"Katy Perry - Firework";"#23bf00"
"2012-11-17";"334936038";"Katy Perry";"Katy Perry - Firework";"#23bf00"
"2013-02-01";"348499804";"Katy Perry";"Katy Perry - Firework";"#23bf00"
"2014-09-01";"559065907";"Katy Perry";"Katy Perry - Dark Horse (Official) ft. Juicy J";"#23bf00"
"2014-09-01";"618657161";"Katy Perry";"Katy Perry - Roar (Official)";"#23bf00"
"2015-02-08";"810345522";"Katy Perry";"Katy Perry - Dark Horse (Official) ft. Juicy J";"#23bf00"
"2015-02-08";"792722580";"Katy Perry";"Katy Perry - Roar (Official)";"#23bf00"
"2015-08-04";"1052159309";"Katy Perry";"Katy Perry - Dark Horse (Official) ft. Juicy J";"#23bf00"
"2015-08-04";"1014598671";"Katy Perry";"Katy Perry - Roar (Official)";"#23bf00"
"2016-04-30";"1373713584";"Katy Perry";"Katy Perry - Dark Horse (Official) ft. Juicy J";"#23bf00"
"2016-04-30";"1352124920";"Katy Perry";"Katy Perry - Roar (Official)";"#23bf00"
"2016-11-02";"1567973238";"Katy Perry";"Katy Perry - Dark Horse (Official) ft. Juicy J";"#23bf00"
"2016-11-02";"1597366573";"Katy Perry";"Katy Perry - Roar (Official)";"#23bf00"
"2017-03-05";"1738724201";"Katy Perry";"Katy Perry - Dark Horse (Official) ft. Juicy J";"#23bf00"
"2017-03-05";"1833321094";"Katy Perry";"Katy Perry - Roar (Official)";"#23bf00"
"2017-07-14";"1989849508";"Katy Perry";"Katy Perry - Dark Horse (Official) ft. Juicy J";"#23bf00"
"2017-07-14";"2127972489";"Katy Perry";"Katy Perry - Roar (Official)";"#23bf00"
"2017-09-21";"2112641021";"Katy Perry";"Katy Perry - Dark Horse (Official) ft. Juicy J";"#23bf00"
"2017-09-21";"2271654292";"Katy Perry";"Katy Perry - Roar (Official)";"#23bf00"
"2017-12-12";"2179086191";"Katy Perry";"Katy Perry - Dark Horse (Official) ft. Juicy J";"#23bf00"
"2017-12-12";"2372206425";"Katy Perry";"Katy Perry - Roar (Official)";"#23bf00"
"2019-01-09";"2483315432";"Katy Perry";"Katy Perry - Dark Horse (Official) ft. Juicy J";"#23bf00"
"2019-01-09";"2709930994";"Katy Perry";"Katy Perry - Roar (Official)";"#23bf00"
"2019-03-06";"2762567896";"Katy Perry";"Katy Perry - Roar (Official)";"#23bf00"
"2010-10-29";"104356873";"KatyPerryMusic";"Katy Perry ft. Snoop Dogg California Gurls ";"#23bf00"
"2005-12-20";"321707";"konefku";"Man dancing";"#daea00"
"2008-03-05";"35667699";"KrowBatellio";"Jeff Dunham - Achmed the Dead Terrorist";"#ea8800"
"2008-06-11";"50559992";"KrowBatellio";"Jeff Dunham - Achmed the Dead Terrorist";"#ea8800"
"2008-11-30";"74609510";"KrowBatellio";"Jeff Dunham - Achmed the Dead Terrorist";"#ea8800"
"2009-05-29";"89451167";"KrowBatellio";"Jeff Dunham - Achmed the Dead Terrorist";"#ea8800"
"2009-07-08";"91283717";"KrowBatellio";"Jeff Dunham - Achmed the Dead Terrorist";"#ea8800"
"2009-10-10";"96450661";"KrowBatellio";"Jeff Dunham - Achmed the Dead Terrorist";"#ea8800"
"2009-12-19";"97886612";"KrowBatellio";"Jeff Dunham - Achmed the Dead Terrorist";"#ea8800"
"2010-05-22";"111653531";"KrowBatellio";"Jeff Dunham - Achmed the Dead Terrorist";"#ea8800"
"2009-12-19";"82442284";"LadyGaga";"Lady Gaga - Just Dance ft. Colby O'Donis";"#ea1700"
"2010-05-22";"210927872";"LadyGaga";"Lady Gaga - Bad Romance";"#ea1700"
"2010-05-22";"109327404";"LadyGaga";"Lady Gaga - Just Dance ft. Colby O'Donis";"#ea1700"
"2010-08-03";"256326145";"LadyGaga";"Lady Gaga - Bad Romance";"#ea1700"
"2010-08-03";"118423782";"LadyGaga";"Lady Gaga - Just Dance ft. Colby O'Donis";"#ea1700"
"2010-10-29";"95898969";"LadyGaga";"Lady Gaga - Alejandro";"#ea1700"
"2010-10-29";"298866853";"LadyGaga";"Lady Gaga - Bad Romance";"#ea1700"
"2010-10-29";"124915406";"LadyGaga";"Lady Gaga - Just Dance ft. Colby O'Donis";"#ea1700"
"2011-05-30";"382854110";"LadyGaga";"Lady Gaga - Bad Romance";"#ea1700"
"2011-12-31";"434177941";"LadyGaga";"Lady Gaga - Bad Romance";"#ea1700"
"2012-05-27";"467829047";"LadyGaga";"Lady Gaga - Bad Romance";"#ea1700"
"2012-11-17";"496153650";"LadyGaga";"Lady Gaga - Bad Romance";"#ea1700"
"2013-02-01";"506424881";"LadyGaga";"Lady Gaga - Bad Romance";"#ea1700"
"2014-09-01";"600555664";"LadyGaga";"Lady Gaga - Bad Romance";"#ea1700"
"2015-02-08";"613824787";"LadyGaga";"Lady Gaga - Bad Romance";"#ea1700"
"2005-12-20";"275669";"larfus";"Crazy Dog";"#f20014"
"2005-12-20";"319800";"larfus";"I/O Brush";"#f20014"
"2006-08-21";"4888947";"larfus";"Crazy Dog";"#f20014"
"2006-11-21";"6402021";"larfus";"Crazy Dog";"#f20014"
"2007-01-05";"7071724";"larfus";"Crazy Dog";"#f20014"
"2006-02-18";"1412233";"LAY12";"LEAN WIT IT ROCK WIT IT";"#7800f1"
"2006-04-14";"3233206";"LAY12";"LEAN WIT IT ROCK WIT IT";"#7800f1"
"2008-06-11";"58728656";"leonalewis";"Leona Lewis - Bleeding Love";"#0c00f0"
"2008-09-25";"69095817";"leonalewis";"Leona Lewis - Bleeding Love";"#0c00f0"
"2008-11-30";"75677461";"leonalewis";"Leona Lewis - Bleeding Love";"#0c00f0"
"2009-05-29";"86058101";"leonalewis";"Leona Lewis - Bleeding Love";"#0c00f0"
"2009-07-08";"87076661";"leonalewis";"Leona Lewis - Bleeding Love";"#0c00f0"
"2009-12-19";"91820952";"leonalewis";"Leona Lewis - Bleeding Love";"#0c00f0"
"2007-11-08";"27686682";"linkinparktv";"Linkin Park - What I've Done";"#0097ef"
"2007-12-31";"29880004";"linkinparktv";"Linkin Park - What I've Done";"#0097ef"
"2008-03-05";"32205860";"linkinparktv";"Linkin Park - What I've Done";"#0097ef"
"2015-08-04";"750869552";"LittleBabyBum";"Wheels On The Bus | Nursery Rhymes for Babies";"#00a581"
"2016-04-30";"1359942429";"LittleBabyBum";"Wheels On The Bus | Nursery Rhymes for Babies";"#00a581"
"2016-11-02";"1631206384";"LittleBabyBum";"Wheels On The Bus | Nursery Rhymes for Babies";"#00a581"
"2017-03-05";"1801679600";"LittleBabyBum";"Wheels On The Bus | Nursery Rhymes for Babies";"#00a581"
"2017-07-14";"1920163456";"LittleBabyBum";"Wheels On The Bus | Nursery Rhymes for Babies";"#00a581"
"2017-09-21";"1978662785";"LittleBabyBum";"Wheels On The Bus | Nursery Rhymes for Babies";"#00a581"
"2017-12-12";"2035129812";"LittleBabyBum";"Wheels On The Bus | Nursery Rhymes for Babies";"#00a581"
"2011-12-31";"336537940";"LMFAO";"LMFAO - Party Rock Anthem";"#23bf00"
"2012-05-27";"441142224";"LMFAO";"LMFAO - Party Rock Anthem";"#23bf00"
"2012-11-17";"500920315";"LMFAO";"LMFAO - Party Rock Anthem";"#23bf00"
"2013-02-01";"517931571";"LMFAO";"LMFAO - Party Rock Anthem";"#23bf00"
"2014-09-01";"735785394";"LMFAO";"LMFAO - Party Rock Anthem";"#23bf00"
"2015-02-08";"815818287";"LMFAO";"LMFAO - Party Rock Anthem";"#23bf00"
"2015-08-04";"914725574";"LMFAO";"LMFAO - Party Rock Anthem";"#23bf00"
"2016-04-30";"1076055837";"LMFAO";"LMFAO - Party Rock Anthem";"#23bf00"
"2017-07-14";"2476105148";"Luis Fonsi";"Luis Fonsi - Despacito ft. Daddy Yankee";"#daea00"
"2017-09-21";"3793175292";"Luis Fonsi";"Luis Fonsi - Despacito ft. Daddy Yankee";"#daea00"
"2017-12-12";"4497530401";"Luis Fonsi";"Luis Fonsi - Despacito ft. Daddy Yankee";"#daea00"
"2019-01-09";"5872658537";"Luis Fonsi";"Luis Fonsi - Despacito ft. Daddy Yankee";"#daea00"
"2019-03-06";"6030438296";"Luis Fonsi";"Luis Fonsi - Despacito ft. Daddy Yankee";"#daea00"
"2019-01-09";"2479686039";"Major Lazer";"Major Lazer & DJ Snake - Lean On (feat. M0)";"#ea8800"
"2016-04-30";"1317786341";"majorlazer";"Major Lazer & DJ Snake - Lean On (feat. M0)";"#ea8800"
"2016-11-02";"1688453967";"majorlazer";"Major Lazer & DJ Snake - Lean On (feat. M0)";"#ea8800"
"2017-03-05";"1913363998";"majorlazer";"Major Lazer & DJ Snake - Lean On (feat. M0)";"#ea8800"
"2017-07-14";"2100827778";"majorlazer";"Major Lazer & DJ Snake - Lean On (feat. M0)";"#ea8800"
"2017-09-21";"2176685116";"majorlazer";"Major Lazer & DJ Snake - Lean On (feat. M0)";"#ea8800"
"2017-12-12";"2234977844";"majorlazer";"Major Lazer & DJ Snake - Lean On (feat. M0)";"#ea8800"
"2015-08-04";"900237804";"Mark Ronson";"Mark Ronson - Uptown Funk ft. Bruno Mars";"#ea1700"
"2016-04-30";"1543970258";"Mark Ronson";"Mark Ronson - Uptown Funk ft. Bruno Mars";"#ea1700"
"2016-11-02";"1923013128";"Mark Ronson";"Mark Ronson - Uptown Funk ft. Bruno Mars";"#ea1700"
"2017-03-05";"2245938543";"Mark Ronson";"Mark Ronson - Uptown Funk ft. Bruno Mars";"#ea1700"
"2017-07-14";"2549015513";"Mark Ronson";"Mark Ronson - Uptown Funk ft. Bruno Mars";"#ea1700"
"2017-09-21";"2670885258";"Mark Ronson";"Mark Ronson - Uptown Funk ft. Bruno Mars";"#ea1700"
"2017-12-12";"2813376451";"Mark Ronson";"Mark Ronson - Uptown Funk ft. Bruno Mars";"#ea1700"
"2019-01-09";"3419049616";"Mark Ronson";"Mark Ronson - Uptown Funk ft. Bruno Mars";"#ea1700"
"2019-03-06";"3483980793";"Mark Ronson";"Mark Ronson - Uptown Funk ft. Bruno Mars";"#ea1700"
"2006-04-14";"5714677";"markleung";"MARK LEUNG'S CRAZY COMPUTER BUG";"#f20014"
"2006-07-07";"6070304";"markleung";"MARK LEUNG'S CRAZY COMPUTER BUG";"#f20014"
"2006-08-21";"6194520";"markleung";"MARK LEUNG'S CRAZY COMPUTER BUG";"#f20014"
"2006-11-21";"6470931";"markleung";"MARK LEUNG'S CRAZY COMPUTER BUG";"#f20014"
"2007-01-05";"6729306";"markleung";"MARK LEUNG'S CRAZY COMPUTER BUG";"#f20014"
"2016-04-30";"1210567966";"Maroon 5";"Maroon 5 - Sugar";"#7800f1"
"2016-11-02";"1515679509";"Maroon 5";"Maroon 5 - Sugar";"#7800f1"
"2017-03-05";"1813302254";"Maroon 5";"Maroon 5 - Sugar";"#7800f1"
"2017-07-14";"2149762872";"Maroon 5";"Maroon 5 - Sugar";"#7800f1"
"2017-09-21";"2317237992";"Maroon 5";"Maroon 5 - Sugar";"#7800f1"
"2017-12-12";"2449714550";"Maroon 5";"Maroon 5 - Sugar";"#7800f1"
"2019-01-09";"2851046709";"Maroon 5";"Maroon 5 - Sugar";"#7800f1"
"2019-03-06";"2906927903";"Maroon 5";"Maroon 5 - Sugar";"#7800f1"
"2011-12-31";"260974781";"massagevideo";"thigh massage video";"#0c00f0"
"2015-08-04";"961311986";"Meghan Trainor";"Meghan Trainor - All About That Bass";"#0097ef"
"2016-04-30";"1350679528";"Meghan Trainor";"Meghan Trainor - All About That Bass";"#0097ef"
"2016-11-02";"1575625680";"Meghan Trainor";"Meghan Trainor - All About That Bass";"#0097ef"
"2017-03-05";"1780629782";"Meghan Trainor";"Meghan Trainor - All About That Bass";"#0097ef"
"2017-07-14";"2014895593";"Meghan Trainor";"Meghan Trainor - All About That Bass";"#0097ef"
"2017-09-21";"2112524898";"Meghan Trainor";"Meghan Trainor - All About That Bass";"#0097ef"
"2017-12-12";"2159125641";"Meghan Trainor";"Meghan Trainor - All About That Bass";"#0097ef"
"2019-01-09";"2258596903";"Meghan Trainor";"Meghan Trainor - All About That Bass";"#0097ef"
"2012-05-27";"348182012";"Michel Teló";"Michel Teló - Ai Se Eu Te Pego";"#00a581"
"2012-11-17";"458548804";"Michel Teló";"Michel Teló - Ai Se Eu Te Pego";"#00a581"
"2013-02-01";"477919072";"Michel Teló";"Michel Teló - Ai Se Eu Te Pego";"#00a581"
"2014-09-01";"586184400";"Michel Teló";"Michel Teló - Ai Se Eu Te Pego";"#00a581"
"2015-02-08";"613433873";"Michel Teló";"Michel Teló - Ai Se Eu Te Pego";"#00a581"
"2014-09-01";"700805013";"MileyCyrus";"Miley Cyrus - Wrecking Ball";"#23bf00"
"2015-02-08";"744484260";"MileyCyrus";"Miley Cyrus - Wrecking Ball";"#23bf00"
"2015-08-04";"787814616";"MileyCyrus";"Miley Cyrus - Wrecking Ball";"#23bf00"
"2005-12-20";"193227";"millonario";"Ronaldinho The Movie(1";"#daea00"
"2006-04-14";"3218201";"mrWbot";"Urban Ninja";"#a52c79"
"2006-07-07";"6152568";"mrWoot";"Urban Ninja";"#a52c79"
"2006-08-21";"6979178";"mrWoot";"Urban Ninja";"#a52c79"
"2006-11-21";"8726749";"mrWoot";"Urban Ninja";"#a52c79"
"2007-01-05";"9800944";"mrWoot";"Urban Ninja";"#a52c79"
"2007-03-23";"12037249";"mrWoot";"Urban Ninja";"#a52c79"
"2007-04-08";"12437999";"mrWoot";"Urban Ninja";"#a52c79"
"2006-02-18";"1352658";"msmojo";"Pussycat Dolls- Stickwitu Music Video";"#ea8800"
"2007-03-23";"17322898";"My Chemical Romance";"My Chemical Romance - Famous Last Words";"#ea1700"
"2007-04-08";"20052271";"My Chemical Romance";"My Chemical Romance - Famous Last Words";"#ea1700"
"2007-11-08";"40176513";"My Chemical Romance";"My Chemical Romance - Famous Last Words";"#ea1700"
"2007-11-08";"41371213";"My Chemical Romance";"My Chemical Romance - Teenagers";"#ea1700"
"2007-12-31";"41328638";"My Chemical Romance";"My Chemical Romance - Famous Last Words";"#ea1700"
"2007-12-31";"44963646";"My Chemical Romance";"My Chemical Romance - Teenagers";"#ea1700"
"2008-03-05";"42569293";"My Chemical Romance";"My Chemical Romance - Famous Last Words";"#ea1700"
"2008-03-05";"49204319";"My Chemical Romance";"My Chemical Romance - Teenagers";"#ea1700"
"2008-11-30";"44806458";"My Chemical Romance";"My Chemical Romance - Famous Last Words";"#ea1700"
"2008-11-30";"55549162";"My Chemical Romance";"My Chemical Romance - Teenagers";"#ea1700"
"2006-04-14";"4259395";"n4vi3gurlz";"lion sleep tonight";"#f20014"
"2006-07-07";"6078744";"n4vi3gurlz";"lion sleep tonight";"#f20014"
"2006-08-21";"6561625";"n4vi3gurlz";"lion sleep tonight";"#f20014"
"2006-11-21";"7828231";"n4vi3gurlz";"lion sleep tonight";"#f20014"
"2007-01-05";"8689390";"n4vi3gurlz";"lion sleep tonight";"#f20014"
"2007-03-23";"10115645";"n4vi3gurlz";"lion sleep tonight";"#f20014"
"2007-04-08";"10356821";"n4vi3gurlz";"lion sleep tonight";"#f20014"
"2005-12-20";"618904";"nathanweinberg";"Banned Xbox 360 Ad";"#7800f1"
"2006-02-18";"1279138";"nathanweinberg";"Banned Xbox 360 Ad";"#7800f1"
"2007-01-05";"8832119";"NBC";"SNL - Digital Short - A Special Christmas Box";"#0c00f0"
"2007-03-23";"18639960";"NBC";"SNL - Digital Short - A Special Christmas Box";"#0c00f0"
"2007-04-08";"19546510";"NBC";"SNL - Digital Short - A Special Christmas Box";"#0c00f0"
"2007-11-08";"22353601";"NeilCicierega";"Potter Puppet Pals in The Mysterious Ticking Noise";"#0097ef"
"2007-12-31";"28884166";"NeilCicierega";"Potter Puppet Pals in The Mysterious Ticking Noise";"#0097ef"
"2008-03-05";"35356328";"NeilCicierega";"Potter Puppet Pals in The Mysterious Ticking Noise";"#0097ef"
"2008-06-11";"45175649";"NeilCicierega";"Potter Puppet Pals in The Mysterious Ticking Noise";"#0097ef"
"2008-11-30";"55128778";"NeilCicierega";"Potter Puppet Pals in The Mysterious Ticking Noise";"#0097ef"
"2006-02-18";"2011550";"nictum";"Hooked on a feeling";"#00a581"
"2006-04-14";"3437198";"nictum";"Hooked on a feeling";"#00a581"
"2006-07-07";"4414821";"nictum";"Hooked on a feeling";"#00a581"
"2006-08-21";"4745573";"nictum";"Hooked on a feeling";"#00a581"
"2005-12-20";"242066";"Nikesoccer";"Ronaldinho: Dance with the ball";"#23bf00"
"2006-02-18";"2725473";"Nikesoccer";"Ronaldinho: Touch of Gold";"#23bf00"
"2006-04-14";"3284181";"Nikesoccer";"Ronaldinho: Touch of Gold";"#23bf00"
"2006-07-07";"5775490";"Nikesoccer";"Ronaldinho: Touch of Gold";"#23bf00"
"2006-08-21";"6604437";"Nikesoccer";"Ronaldinho: Touch of Gold";"#23bf00"
"2006-11-21";"7911661";"Nikesoccer";"Ronaldinho: Touch of Gold";"#23bf00"
"2007-01-05";"8764727";"Nikesoccer";"Ronaldinho: Touch of Gold";"#23bf00"
"2007-03-23";"11442801";"Nikesoccer";"Ronaldinho: Touch of Gold";"#23bf00"
"2007-04-08";"11958320";"Nikesoccer";"Ronaldinho: Touch of Gold";"#23bf00"
"2006-04-14";"3951405";"ntropie";"next big thing, really";"#daea00"
"2006-07-07";"4630662";"ntropie";"next big thing, really";"#daea00"
"2006-08-21";"4824639";"ntropie";"next big thing, really";"#daea00"
"2012-11-17";"750755260";"officialpsy";"PSY - GANGNAM STYLE ";"#a52c79"
"2013-02-01";"1249778038";"officialpsy";"PSY - GANGNAM STYLE ";"#a52c79"
"2014-09-01";"2076066873";"officialpsy";"PSY - GANGNAM STYLE ";"#a52c79"
"2014-09-01";"728003611";"officialpsy";"PSY - GENTLEMAN";"#a52c79"
"2015-02-08";"2234948495";"officialpsy";"PSY - GANGNAM STYLE ";"#a52c79"
"2015-02-08";"794166980";"officialpsy";"PSY - GENTLEMAN ";"#a52c79"
"2015-08-04";"2387446490";"officialpsy";"PSY - GANGNAM STYLE ";"#a52c79"
"2015-08-04";"862722734";"officialpsy";"PSY - GENTLEMAN";"#a52c79"
"2016-04-30";"2562009657";"officialpsy";"PSY - GANGNAM STYLE ";"#a52c79"
"2016-11-02";"2669447985";"officialpsy";"PSY - GANGNAM STYLE ";"#a52c79"
"2017-03-05";"2779274571";"officialpsy";"PSY - GANGNAM STYLE ";"#a52c79"
"2017-07-14";"2894104891";"officialpsy";"PSY - GANGNAM STYLE ";"#a52c79"
"2017-09-21";"2952002810";"officialpsy";"PSY - GANGNAM STYLE ";"#a52c79"
"2017-12-12";"3012809940";"officialpsy";"PSY - GANGNAM STYLE ";"#a52c79"
"2019-01-09";"3262699692";"officialpsy";"PSY - GANGNAM STYLE ";"#a52c79"
"2019-03-06";"3302363429";"officialpsy";"PSY - GANGNAM STYLE ";"#a52c79"
"2006-11-21";"8509798";"OkGo";"OK Go - Here It Goes Again";"#ea8800"
"2007-01-05";"9422493";"OkGo";"OK Go - Here It Goes Again";"#ea8800"
"2007-03-23";"12925351";"OkGo";"OK Go - Here It Goes Again";"#ea8800"
"2007-04-08";"14956440";"OkGo";"OK Go - Here It Goes Again";"#ea8800"
"2007-11-08";"24556975";"OKGo";"OK Go - Here It Goes Again";"#ea8800"
"2007-12-31";"27335291";"OkGo";"OK Go - Here It Goes Again";"#ea8800"
"2008-11-30";"41846959";"OkGo";"OK Go - Here It Goes Again";"#ea8800"
"2013-02-01";"325313105";"OneRepublic";"One Direction - What Makes You Beautiful";"#ea1700"
"2014-09-01";"551278869";"OneRepublic";"One Direction - What Makes You Beautiful";"#ea1700"
"2015-02-08";"652063088";"OneRepublic";"OneRepublic - Counting Stars";"#f20014"
"2015-08-04";"886992939";"OneRepublic";"OneRepublic - Counting Stars";"#f20014"
"2016-04-30";"1229021275";"OneRepublic";"OneRepublic - Counting Stars";"#f20014"
"2016-11-02";"1488001640";"OneRepublic";"OneRepublic - Counting Stars";"#f20014"
"2017-03-05";"1687240178";"OneRepublic";"OneRepublic - Counting Stars";"#f20014"
"2017-07-14";"1862253115";"OneRepublic";"OneRepublic - Counting Stars";"#f20014"
"2017-09-21";"1945069800";"OneRepublic";"OneRepublic - Counting Stars";"#f20014"
"2017-12-12";"2041525517";"OneRepublic";"OneRepublic - Counting Stars";"#f20014"
"2019-01-09";"2606688058";"OneRepublic";"OneRepublic - Counting Stars";"#f20014"
"2006-02-18";"1876480";"orangeohm";"Brokeback to the Future";"#7800f1"
"2006-04-14";"3032161";"orangeohm";"Brokeback to the Future";"#7800f1"
"2006-02-18";"1275619";"ouest";"Notorious BIG - Nasty Girl";"#0c00f0"
"2019-01-09";"2258809590";"Passenger";"Passenger | Let Her Go (Official Video)";"#0097ef"
"2006-11-21";"6667108";"PeaceOnEarth123";"Free Hugs Campaign.";"#00a581"
"2007-01-05";"8527105";"PeaceOnEarth123";"Free Hugs Campaign.";"#00a581"
"2007-03-23";"11810633";"PeaceOnEarth123";"Free Hugs Campaign.";"#00a581"
"2007-04-08";"13020506";"PeaceOnEarth123";"Free Hugs Campaign.";"#00a581"
"2007-11-08";"19819934";"PeaceOnEarth123";"Free Hugs Campaign.";"#00a581"
"2006-04-14";"3332736";"phuckyou";"Puff Daddy - I'll Be Missing You";"#23bf00"
"2006-07-07";"4365787";"piderman";"James Blunt - Bloody Cold";"#daea00"
"2012-11-17";"363534753";"Pitbull";"Pitbull - Rain Over Me ft. Marc Anthony";"#a52c79"
"2013-02-01";"383243794";"Pitbull";"Pitbull - Rain Over Me ft. Marc Anthony";"#a52c79"
"2005-12-20";"268032";"punkmeister";"M.Y.M.P. - ESPECIALLY FOR YOU";"#ea8800"
"2006-02-18";"2666922";"r0ck5tar3";"My Humps";"#ea1700"
"2007-04-08";"9033598";"RCARecords";"Avril Lavigne - Girlfriend";"#f20014"
"2007-11-08";"60016731";"RCARecords";"Avril Lavigne - Girlfriend";"#f20014"
"2007-12-31";"66243798";"RCARecords";"Avril Lavigne - Girlfriend";"#f20014"
"2008-03-05";"74968442";"RCARecords";"Avril Lavigne - Girlfriend";"#f20014"
"2008-06-11";"86914586";"RCARecords";"Avril Lavigne - Girlfriend";"#f20014"
"2008-09-25";"102399897";"RCARecords";"Avril Lavigne - Girlfriend";"#f20014"
"2008-11-30";"109018213";"RCARecords";"Avril Lavigne - Girlfriend";"#f20014"
"2009-05-29";"119939808";"RCARecords";"Avril Lavigne - Girlfriend";"#f20014"
"2009-07-08";"121613991";"RCARecords";"Avril Lavigne - Girlfriend";"#f20014"
"2009-10-10";"127020706";"RCARecords";"Avril Lavigne - Girlfriend";"#f20014"
"2009-12-19";"128187876";"RCARecords";"Avril Lavigne - Girlfriend";"#f20014"
"2010-05-22";"131810512";"RCARecords";"Avril Lavigne - Girlfriend";"#f20014"
"2007-12-31";"23570385";"Rihanna";"Rihanna - Don't Stop The Music";"#7800f1"
"2008-03-05";"39840912";"Rihanna";"Rihanna - Don't Stop The Music";"#7800f1"
"2008-03-05";"31130863";"Rihanna";"Rihanna - Umbrella";"#7800f1"
"2008-09-25";"68981385";"Rihanna";"Rihanna - Don't Stop The Music";"#7800f1"
"2008-11-30";"75547886";"Rihanna";"Rihanna - Don't Stop The Music";"#7800f1"
"2009-05-29";"89083001";"Rihanna";"Rihanna - Don't Stop The Music";"#7800f1"
"2009-07-08";"91564489";"Rihanna";"Rihanna - Don't Stop The Music";"#7800f1"
"2009-10-10";"100719841";"Rihanna";"Rihanna - Don't Stop The Music";"#7800f1"
"2009-12-19";"102567057";"Rihanna";"Rihanna - Don't Stop The Music";"#7800f1"
"2010-05-22";"115486998";"Rihanna";"Rihanna - Don't Stop The Music";"#7800f1"
"2010-10-29";"106987795";"Rihanna";"Rihanna - Rude Boy";"#7800f1"
"2011-05-30";"154022769";"Rihanna";"Rihanna - Rude Boy";"#7800f1"
"2011-05-30";"174859897";"Rihanna";"Rihanna - What's My Name? ft. Drake";"#7800f1"
"2011-12-31";"222838039";"Rihanna";"Rihanna - What's My Name? ft. Drake";"#7800f1"
"2014-09-01";"573980505";"Ryan Lewis";"MACKLEMORE & RYAN LEWIS - THRIFT SHOP ";"#0c00f0"
"2015-02-08";"651299080";"Ryan Lewis";"MACKLEMORE & RYAN LEWIS - THRIFT SHOP ";"#0c00f0"
"2011-12-31";"321706477";"scimmiaubriaca";"Parto in un letto";"#0097ef"
"2007-11-08";"22821496";"seankingston";"Sean Kingston-Beautiful Girls";"#00a581"
"2007-12-31";"30495387";"seankingston";"Sean Kingston-Beautiful Girls";"#00a581"
"2008-03-05";"39511479";"seankingston";"Sean Kingston-Beautiful Girls";"#00a581"
"2006-04-14";"3419724";"Sefarad";"Tiesto - Adagio for strings";"#23bf00"
"2010-08-03";"137379702";"Shakira";"Shakira - Waka Waka (This Time for Africa) ";"#daea00"
"2010-10-29";"222608547";"Shakira";"Shakira - Waka Waka (This Time for Africa) ";"#daea00"
"2011-05-30";"347160233";"Shakira";"Shakira - Waka Waka (This Time for Africa) ";"#daea00"
"2011-12-31";"429921510";"Shakira";"Shakira - Waka Waka (This Time for Africa) ";"#daea00"
"2012-05-27";"471282892";"Shakira";"Shakira - Waka Waka (This Time for Africa) ";"#daea00"
"2012-11-17";"500016526";"Shakira";"Shakira - Waka Waka (This Time for Africa) ";"#daea00"
"2013-02-01";"507773697";"Shakira";"Shakira - Waka Waka (This Time for Africa) ";"#daea00"
"2014-09-01";"734403294";"Shakira";"Shakira - Waka Waka (This Time for Africa) ";"#daea00"
"2015-02-08";"804412988";"Shakira";"Shakira - Waka Waka (This Time for Africa) ";"#daea00"
"2015-08-04";"897653586";"Shakira";"Shakira - Waka Waka (This Time for Africa) ";"#daea00"
"2017-09-21";"1818665892";"Shakira";"Shakira - Chantaje (Official video) ft. Maluma";"#daea00"
"2017-12-12";"2012108758";"Shakira";"Shakira - Chantaje (Official video) ft. Maluma";"#daea00"
"2019-01-09";"2302490577";"Shakira";"Shakira - Chantaje (Official Video) ft. Maluma";"#daea00"
"2009-05-29";"104252859";"SHOWTIME";"Lezberado: Revenge Fantasies";"#a52c79"
"2009-07-08";"105056372";"SHOWTIME";"Lezberado: Revenge Fantasies";"#a52c79"
"2009-12-19";"106365340";"SHOWTIME";"Lezberado: Revenge Fantasies";"#a52c79"
"2010-05-22";"108930897";"SHOWTIME";"Lezberado: Revenge Fantasies";"#a52c79"
"2015-08-04";"838969391";"Sia";"Sia - Chandelier (Official Video)";"#ea8800"
"2016-04-30";"1245984966";"Sia";"Sia - Chandelier (Official Video)";"#ea8800"
"2016-11-02";"1435244152";"Sia";"Sia - Chandelier (Official Video)";"#ea8800"
"2017-03-05";"1541551205";"Sia";"Sia - Chandelier (Official Video)";"#ea8800"
"2005-12-20";"328107";"skateracl";"Invisible Boards";"#ea1700"
"2006-02-18";"2370619";"smosh";"Pokemon Theme Music Video";"#f20014"
"2006-04-14";"8178265";"smosh";"Pokemon Theme Music Video";"#f20014"
"2006-07-07";"13536776";"smosh";"Pokemon Theme Music Video";"#f20014"
"2006-08-21";"5323218";"smosh";"Mortal Kombat Theme";"#f20014"
"2006-08-21";"15346556";"smosh";"Pokemon Theme Music Video";"#f20014"
"2006-11-21";"6321670";"smosh";"Mortal Kombat Theme";"#f20014"
"2006-11-21";"17327464";"smosh";"Pokemon Theme Music Video";"#f20014"
"2007-01-05";"6724284";"smosh";"Mortal Kombat Theme";"#f20014"
"2007-01-05";"18253606";"smosh";"Pokemon Theme Music Video";"#f20014"
"2007-03-23";"8030735";"smosh";"Mortal Kombat Theme";"#f20014"
"2007-03-23";"21462230";"smosh";"Pokemon Theme Music Video";"#f20014"
"2007-04-08";"8262629";"smosh";"Mortal Kombat Theme";"#f20014"
"2007-04-08";"22038532";"smosh";"Pokemon Theme Music Video";"#f20014"
"2007-12-31";"27562990";"SouljaBoy";"Soulja Boy Tell Em - Crank That";"#7800f1"
"2008-03-05";"33393293";"SouljaBoy";"Soulja Boy Tell Em - Crank That";"#7800f1"
"2008-11-30";"42073111";"SouljaBoy";"Soulja Boy Tell Em - Crank That";"#7800f1"
"2007-11-08";"30616104";"srcrecords";"Akon - Don't Matter";"#0c00f0"
"2007-12-31";"35378988";"srcrecords";"Akon - Don't Matter";"#0c00f0"
"2008-03-05";"41365775";"srcrecords";"Akon - Don't Matter";"#0c00f0"
"2008-06-11";"49773899";"srcrecords";"Akon - Don't Matter";"#0c00f0"
"2008-11-30";"59381806";"srcrecords";"Akon - Don't Matter";"#0c00f0"
"2009-07-08";"64516495";"srcrecords";"Akon - Don't Matter";"#0c00f0"
"2007-12-31";"25549381";"steviegrim2006";"Mika Grace Kelly";"#0097ef"
"2006-07-07";"5090822";"talaskinboit";"5 feet";"#00a581"
"2006-08-21";"5944024";"talaskinboit";"5 feet";"#00a581"
"2006-11-21";"7301917";"talaskinboit";"5 feet";"#00a581"
"2007-01-05";"8042539";"talaskinboit";"5 feet";"#00a581"
"2005-12-20";"315311";"tasha";"Hey clip";"#23bf00"
"2006-04-14";"2920217";"tasha";"Hey clip";"#23bf00"
"2006-07-07";"6725421";"tasha";"Hey clip";"#23bf00"
"2006-08-21";"8359926";"tasha";"Hey clip";"#23bf00"
"2006-11-21";"11045129";"tasha";"Hey clip";"#23bf00"
"2007-01-05";"11963133";"tasha";"Hey clip";"#23bf00"
"2007-03-23";"13682802";"tasha";"Hey clip";"#23bf00"
"2007-04-08";"13955085";"tasha";"Hey clip";"#23bf00"
"2015-08-04";"1066501578";"Taylor Swift";"Taylor Swift - Blank Space";"#a52c79"
"2015-08-04";"967829192";"Taylor Swift";"Taylor Swift - Shake It Off";"#a52c79"
"2016-04-30";"1572969955";"Taylor Swift";"Taylor Swift - Blank Space";"#a52c79"
"2016-04-30";"1432078705";"Taylor Swift";"Taylor Swift - Shake It Off";"#a52c79"
"2016-11-02";"1820268657";"Taylor Swift";"Taylor Swift - Blank Space";"#a52c79"
"2016-11-02";"1699417256";"Taylor Swift";"Taylor Swift - Shake It Off";"#a52c79"
"2017-03-05";"1977086981";"Taylor Swift";"Taylor Swift - Blank Space";"#a52c79"
"2017-03-05";"1949628189";"Taylor Swift";"Taylor Swift - Shake It Off";"#a52c79"
"2017-07-14";"2101201871";"Taylor Swift";"Taylor Swift - Blank Space";"#a52c79"
"2017-07-14";"2247928206";"Taylor Swift";"Taylor Swift - Shake It Off";"#a52c79"
"2017-09-21";"2168142219";"Taylor Swift";"Taylor Swift - Blank Space";"#a52c79"
"2017-09-21";"2383951820";"Taylor Swift";"Taylor Swift - Shake It Off";"#a52c79"
"2017-12-12";"2230726971";"Taylor Swift";"Taylor Swift - Blank Space";"#a52c79"
"2017-12-12";"2453537934";"Taylor Swift";"Taylor Swift - Shake It Off";"#a52c79"
"2019-01-09";"2388321932";"Taylor Swift";"Taylor Swift - Blank Space";"#a52c79"
"2019-01-09";"2716372123";"Taylor Swift";"Taylor Swift - Shake It Off";"#a52c79"
"2019-03-06";"2750213727";"Taylor Swift";"Taylor Swift - Shake It Off";"#a52c79"
"2006-04-14";"5600949";"TexMachina";"Real Life Simpsons Intro";"#ea8800"
"2006-07-07";"8102305";"TexMachina";"Real Life Simpsons Intro";"#ea8800"
"2006-08-21";"8816300";"TexMachina";"Real Life Simpsons Intro";"#ea8800"
"2006-11-21";"10157240";"TexMachina";"Real Life Simpsons Intro";"#ea8800"
"2007-01-05";"10823545";"TexMachina";"Real Life Simpsons Intro";"#ea8800"
"2007-03-23";"12551840";"TexMachina";"Real Life Simpsons Intro";"#ea8800"
"2007-04-08";"12824960";"TexMachina";"Real Life Simpsons Intro";"#ea8800"
"2017-09-21";"1842253145";"The Chainsmokers";"The Chainsmokers - Closer (Lyric) ft. Halsey";"#ea1700"
"2010-10-29";"91316089";"TheLonelyIsland";"The Lonely Island - Jizz In My Pants";"#f20014"
"2007-11-08";"29474961";"TimbalandMusic";"Timbaland - The Way I Are ";"#7800f1"
"2007-12-31";"35537079";"TimbalandMusic";"Timbaland - The Way I Are ";"#7800f1"
"2008-03-05";"41443257";"TimbalandMusic";"Timbaland - The Way I Are ";"#7800f1"
"2008-11-30";"55694662";"TimbalandMusic";"Timbaland - The Way I Are ";"#7800f1"
"2005-12-20";"242311";"UCBearcats1125";"Girls Wanna Have Fun";"#0c00f0"
"2010-05-22";"119210994";"UltraRecords";"Pitbull - I Know You Want Me ";"#0097ef"
"2010-08-03";"135111488";"UltraRecords";"Pitbull - I Know You Want Me ";"#0097ef"
"2010-10-29";"148996211";"UltraRecords";"Pitbull - I Know You Want Me ";"#0097ef"
"2011-05-30";"180813147";"UltraRecords";"Pitbull - I Know You Want Me ";"#0097ef"
"2006-02-18";"2103834";"wachy712";"SNL Lettuce Skit Remake **FUNNY**";"#00a581"
"2015-08-04";"773433872";"Wiz Khalifa";"Wiz Khalifa - See You Again ft. Charlie Puth ";"#23bf00"
"2016-04-30";"1677517717";"Wiz Khalifa";"Wiz Khalifa - See You Again ft. Charlie Puth ";"#23bf00"
"2016-11-02";"2129604077";"Wiz Khalifa";"Wiz Khalifa - See You Again ft. Charlie Puth ";"#23bf00"
"2017-03-05";"2492395656";"Wiz Khalifa";"Wiz Khalifa - See You Again ft. Charlie Puth ";"#23bf00"
"2017-07-14";"2894763398";"Wiz Khalifa";"Wiz Khalifa - See You Again ft. Charlie Puth ";"#23bf00"
"2017-09-21";"3118610820";"Wiz Khalifa";"Wiz Khalifa - See You Again ft. Charlie Puth ";"#23bf00"
"2017-12-12";"3267182786";"Wiz Khalifa";"Wiz Khalifa - See You Again ft. Charlie Puth ";"#23bf00"
"2019-01-09";"3949202011";"Wiz Khalifa";"Wiz Khalifa - See You Again ft. Charlie Puth ";"#23bf00"
"2019-03-06";"4030986926";"Wiz Khalifa";"Wiz Khalifa - See You Again ft. Charlie Puth ";"#23bf00"
"2006-04-14";"4111212";"woobe";"Vicky Pollard";"#a52c79"
"2006-04-14";"3368830";"XxChisizmyangelxX";"Beautiful Soul";"#ea8800"
"2005-12-20";"230503";"youtubedude";"SNL - The Chronic of Narnia Rap";"#ea1700"
