Name,Season,Age,Tm,pic,salary,Pos,GPG,GSPG,MPPG,FGPG,FGAPG,FG%PG,3PPG,3PAPG,3P%PG,2PPG,2PAPG,2P%PG,eFG%PG,FTPG,FTAPG,FT%PG,ORBPG,DRBPG,TRBPG,ASTPG,STLPG,BLKPG,TOVPG,PFPG,PPG,G,GS,MP,FG,FGA,FGPERC,threeP,threePA,THREEPPERC,2P,2PA,2P%,eFG%,FT,FTA,FTPERC,ORB,DRB,TRB,AST,STL,BLK,TOV,PF,PTS,PER
James Harden,2009,20,OKC,https://d2cwpp38twqe55.cloudfront.net/req/201804182/images/players/hardeja01.jpg,4,SG,76,0,22.9,3.1,7.6,0.403,1.2,3.3,0.375,1.8,4.3,0.424,0.484,2.6,3.2,0.808,0.6,2.6,3.2,1.8,1.1,0.3,1.4,2.6,9.9,76,0,1738,233,578,0.403,93,248,0.375,140,330,0.424,0.484,194,240,0.808,47,197,244,137,80,20,106,200,753,14
James Harden,2010,21,OKC,https://d2cwpp38twqe55.cloudfront.net/req/201804182/images/players/hardeja01.jpg,4.3,SG,82,5,26.7,3.6,8.3,0.436,1.4,4,0.349,2.3,4.4,0.514,0.518,3.5,4.2,0.843,0.5,2.6,3.1,2.1,1.1,0.3,1.3,2.5,12.2,82,5,2189,298,684,0.436,113,324,0.349,185,360,0.514,0.518,289,343,0.843,42,213,255,176,92,24,106,207,998,16.4
James Harden,2011,22,OKC,https://d2cwpp38twqe55.cloudfront.net/req/201804182/images/players/hardeja01.jpg,4.6,SG,62,2,31.4,5,10.1,0.491,1.8,4.7,0.39,3.1,5.4,0.579,0.582,5,6,0.846,0.5,3.6,4.1,3.7,1,0.2,2.2,2.4,16.8,62,2,1946,309,629,0.491,114,292,0.39,195,337,0.579,0.582,312,369,0.846,30,222,252,229,62,15,137,150,1044,21.1
James Harden,2012,23,HOU,https://d2cwpp38twqe55.cloudfront.net/req/201804182/images/players/hardeja01.jpg,5.8,SG,78,78,38.3,7.5,17.1,0.438,2.3,6.2,0.368,5.2,10.9,0.477,0.504,8.6,10.2,0.851,0.8,4.1,4.9,5.8,1.8,0.5,3.8,2.3,25.9,78,78,2985,585,1337,0.438,179,486,0.368,406,851,0.477,0.504,674,792,0.851,62,317,379,455,142,38,295,178,2023,23
James Harden,2013,24,HOU,https://d2cwpp38twqe55.cloudfront.net/req/201804182/images/players/hardeja01.jpg,13.7,SG,73,73,38,7.5,16.5,0.456,2.4,6.6,0.366,5.1,9.9,0.515,0.529,7.9,9.1,0.866,0.8,3.9,4.7,6.1,1.6,0.4,3.6,2.4,25.4,73,73,2777,549,1205,0.456,177,483,0.366,372,722,0.515,0.529,576,665,0.866,61,283,344,446,115,29,265,177,1851,23.5
James Harden,2014,25,HOU,https://d2cwpp38twqe55.cloudfront.net/req/201804182/images/players/hardeja01.jpg,14.7,SG,81,81,36.8,8,18.1,0.44,2.6,6.9,0.375,5.4,11.3,0.48,0.511,8.8,10.2,0.868,0.9,4.7,5.7,7,1.9,0.7,4,2.6,27.4,81,81,2981,647,1470,0.44,208,555,0.375,439,915,0.48,0.511,715,824,0.868,75,384,459,565,154,60,321,208,2217,26.7
James Harden,2015,26,HOU,https://d2cwpp38twqe55.cloudfront.net/req/201804182/images/players/hardeja01.jpg,15.7,SG,82,82,38.1,8.7,19.7,0.439,2.9,8,0.359,5.8,11.7,0.494,0.512,8.8,10.2,0.86,0.8,5.3,6.1,7.5,1.7,0.6,4.6,2.8,29,82,82,3125,710,1617,0.439,236,657,0.359,474,960,0.494,0.512,720,837,0.86,63,438,501,612,139,51,374,229,2376,25.3
James Harden,2016,27,HOU,https://d2cwpp38twqe55.cloudfront.net/req/201804182/images/players/hardeja01.jpg,26.5,PG,81,81,36.4,8.3,18.9,0.44,3.2,9.3,0.347,5.1,9.6,0.53,0.525,9.2,10.9,0.847,1.2,7,8.1,11.2,1.5,0.5,5.7,2.7,29.1,81,81,2947,674,1533,0.44,262,756,0.347,412,777,0.53,0.525,746,881,0.847,95,564,659,907,121,38,464,215,2356,27.4
James Harden,2017,28,HOU,https://d2cwpp38twqe55.cloudfront.net/req/201804182/images/players/hardeja01.jpg,28.2,SG,72,72,35.4,9,20.1,0.449,3.7,10,0.367,5.4,10.1,0.531,0.541,8.7,10.1,0.858,0.6,4.8,5.4,8.8,1.8,0.7,4.4,2.3,30.4,72,72,2551,651,1449,0.449,265,722,0.367,386,727,0.531,0.541,624,727,0.858,41,348,389,630,126,50,315,169,2191,29.8
LeBron James,2003,19,CLE,https://d2cwpp38twqe55.cloudfront.net/req/201804182/images/players/jamesle01.jpg,4,SG,79,79,39.5,7.9,18.9,0.417,0.8,2.7,0.29,7.1,16.1,0.438,0.438,4.4,5.8,0.754,1.3,4.2,5.5,5.9,1.6,0.7,3.5,1.9,20.9,79,79,3122,622,1492,0.417,63,217,0.29,559,1275,0.438,0.438,347,460,0.754,99,333,432,465,130,58,273,149,1654,18.3
LeBron James,2004,20,CLE,https://d2cwpp38twqe55.cloudfront.net/req/201804182/images/players/jamesle01.jpg,4.3,SF,80,80,42.4,9.9,21.1,0.472,1.4,3.9,0.351,8.6,17.2,0.499,0.504,6,8,0.75,1.4,6,7.4,7.2,2.2,0.7,3.3,1.8,27.2,80,80,3388,795,1684,0.472,108,308,0.351,687,1376,0.499,0.504,477,636,0.75,111,477,588,577,177,52,262,146,2175,25.7
LeBron James,2005,21,CLE,https://d2cwpp38twqe55.cloudfront.net/req/201804182/images/players/jamesle01.jpg,4.6,SF,79,79,42.5,11.1,23.1,0.48,1.6,4.8,0.335,9.5,18.3,0.518,0.515,7.6,10.3,0.738,0.9,6.1,7,6.6,1.6,0.8,3.3,2.3,31.4,79,79,3361,875,1823,0.48,127,379,0.335,748,1444,0.518,0.515,601,814,0.738,75,481,556,521,123,66,260,181,2478,28.1
LeBron James,2006,22,CLE,https://d2cwpp38twqe55.cloudfront.net/req/201804182/images/players/jamesle01.jpg,5.8,SF,78,78,40.9,9.9,20.8,0.476,1.3,4,0.319,8.6,16.8,0.513,0.507,6.3,9,0.698,1.1,5.7,6.7,6,1.6,0.7,3.2,2.2,27.3,78,78,3190,772,1621,0.476,99,310,0.319,673,1311,0.513,0.507,489,701,0.698,83,443,526,470,125,55,250,171,2132,24.5
LeBron James,2007,23,CLE,https://d2cwpp38twqe55.cloudfront.net/req/201804182/images/players/jamesle01.jpg,13,SF,75,74,40.4,10.6,21.9,0.484,1.5,4.8,0.315,9.1,17.1,0.531,0.518,7.3,10.3,0.712,1.8,6.1,7.9,7.2,1.8,1.1,3.4,2.2,30,75,74,3027,794,1642,0.484,113,359,0.315,681,1283,0.531,0.518,549,771,0.712,133,459,592,539,138,81,255,165,2250,29.1
LeBron James,2008,24,CLE,https://d2cwpp38twqe55.cloudfront.net/req/201804182/images/players/jamesle01.jpg,14.4,SF,81,81,37.7,9.7,19.9,0.489,1.6,4.7,0.344,8.1,15.2,0.535,0.53,7.3,9.4,0.78,1.3,6.3,7.6,7.2,1.7,1.1,3,1.7,28.4,81,81,3054,789,1613,0.489,132,384,0.344,657,1229,0.535,0.53,594,762,0.78,106,507,613,587,137,93,241,139,2304,31.7
LeBron James,2009,25,CLE,https://d2cwpp38twqe55.cloudfront.net/req/201804182/images/players/jamesle01.jpg,15.7,SF,76,76,39,10.1,20.1,0.503,1.7,5.1,0.333,8.4,15,0.56,0.545,7.8,10.2,0.767,0.9,6.4,7.3,8.6,1.6,1,3.4,1.6,29.7,76,76,2966,768,1528,0.503,129,387,0.333,639,1141,0.56,0.545,593,773,0.767,71,483,554,651,125,77,261,119,2258,31.1
LeBron James,2010,26,MIA,https://d2cwpp38twqe55.cloudfront.net/req/201804182/images/players/jamesle01.jpg,14.5,SF,79,79,38.8,9.6,18.8,0.51,1.2,3.5,0.33,8.4,15.3,0.552,0.541,6.4,8.4,0.759,1,6.5,7.5,7,1.6,0.6,3.6,2.1,26.7,79,79,3063,758,1485,0.51,92,279,0.33,666,1206,0.552,0.541,503,663,0.759,80,510,590,554,124,50,284,163,2111,27.3
LeBron James,2011,27,MIA,https://d2cwpp38twqe55.cloudfront.net/req/201804182/images/players/jamesle01.jpg,16,SF,62,62,37.5,10,18.9,0.531,0.9,2.4,0.362,9.1,16.5,0.556,0.554,6.2,8.1,0.771,1.5,6.4,7.9,6.2,1.9,0.8,3.4,1.5,27.1,62,62,2326,621,1169,0.531,54,149,0.362,567,1020,0.556,0.554,387,502,0.771,94,398,492,387,115,50,213,96,1683,30.7
LeBron James,2012,28,MIA,https://d2cwpp38twqe55.cloudfront.net/req/201804182/images/players/jamesle01.jpg,17.5,PF,76,76,37.9,10.1,17.8,0.565,1.4,3.3,0.406,8.7,14.5,0.602,0.603,5.3,7,0.753,1.3,6.8,8,7.3,1.7,0.9,3,1.4,26.8,76,76,2877,765,1354,0.565,103,254,0.406,662,1100,0.602,0.603,403,535,0.753,97,513,610,551,129,67,226,110,2036,31.6
LeBron James,2013,29,MIA,https://d2cwpp38twqe55.cloudfront.net/req/201804182/images/players/jamesle01.jpg,19,PF,77,77,37.7,10,17.6,0.567,1.5,4,0.379,8.5,13.6,0.622,0.61,5.7,7.6,0.75,1.1,5.9,6.9,6.3,1.6,0.3,3.5,1.6,27.1,77,77,2902,767,1353,0.567,116,306,0.379,651,1047,0.622,0.61,439,585,0.75,81,452,533,488,121,26,270,126,2089,29.3
LeBron James,2014,30,CLE,https://d2cwpp38twqe55.cloudfront.net/req/201804182/images/players/jamesle01.jpg,20,SF,69,69,36.1,9,18.5,0.488,1.7,4.9,0.354,7.3,13.6,0.536,0.535,5.4,7.7,0.71,0.7,5.3,6,7.4,1.6,0.7,3.9,2,25.3,69,69,2493,624,1279,0.488,120,339,0.354,504,940,0.536,0.535,375,528,0.71,51,365,416,511,109,49,272,135,1743,25.9
LeBron James,2015,31,CLE,https://d2cwpp38twqe55.cloudfront.net/req/201804182/images/players/jamesle01.jpg,22.9,SF,76,76,35.6,9.7,18.6,0.52,1.1,3.7,0.309,8.6,14.9,0.573,0.551,4.7,6.5,0.731,1.5,6,7.4,6.8,1.4,0.6,3.3,1.9,25.3,76,76,2709,737,1416,0.52,87,282,0.309,650,1134,0.573,0.551,359,491,0.731,111,454,565,514,104,49,249,143,1920,27.5
LeBron James,2016,32,CLE,https://d2cwpp38twqe55.cloudfront.net/req/201804182/images/players/jamesle01.jpg,30.9,SF,74,74,37.8,9.9,18.2,0.548,1.7,4.6,0.363,8.3,13.5,0.611,0.594,4.8,7.2,0.674,1.3,7.3,8.6,8.7,1.2,0.6,4.1,1.8,26.4,74,74,2794,736,1344,0.548,124,342,0.363,612,1002,0.611,0.594,358,531,0.674,97,542,639,646,92,44,303,134,1954,27
LeBron James,2017,33,CLE,https://d2cwpp38twqe55.cloudfront.net/req/201804182/images/players/jamesle01.jpg,33.2,PF,82,82,36.9,10.5,19.3,0.542,1.8,5,0.367,8.6,14.3,0.603,0.59,4.7,6.5,0.731,1.2,7.5,8.6,9.1,1.4,0.9,4.2,1.6,27.5,82,82,3026,857,1580,0.542,149,406,0.367,708,1174,0.603,0.59,388,531,0.731,97,612,709,747,116,71,347,135,2251,28.6
Stephen Curry,2009,21,GSW,https://d2cwpp38twqe55.cloudfront.net/req/201804182/images/players/curryst01.jpg,2.7,PG,80,77,36.2,6.6,14.3,0.462,2.1,4.8,0.437,4.5,9.5,0.474,0.535,2.2,2.5,0.885,0.6,3.9,4.5,5.9,1.9,0.2,3,3.2,17.5,80,77,2896,528,1143,0.462,166,380,0.437,362,763,0.474,0.535,177,200,0.885,48,308,356,472,152,19,243,252,1399,16.3
Stephen Curry,2010,22,GSW,https://d2cwpp38twqe55.cloudfront.net/req/201804182/images/players/curryst01.jpg,2.9,PG,74,74,33.6,6.8,14.2,0.48,2,4.6,0.442,4.8,9.6,0.498,0.551,2.9,3.1,0.934,0.7,3.2,3.9,5.8,1.5,0.3,3.1,3.1,18.6,74,74,2489,505,1053,0.48,151,342,0.442,354,711,0.498,0.551,212,227,0.934,52,234,286,432,109,20,226,233,1373,19.4
Stephen Curry,2011,23,GSW,https://d2cwpp38twqe55.cloudfront.net/req/201804182/images/players/curryst01.jpg,3.1,PG,26,23,28.2,5.6,11.4,0.49,2.1,4.7,0.455,3.5,6.7,0.514,0.583,1.5,1.8,0.809,0.6,2.8,3.4,5.3,1.5,0.3,2.5,2.4,14.7,26,23,732,145,296,0.49,55,121,0.455,90,175,0.514,0.583,38,47,0.809,15,73,88,138,39,8,65,62,383,21.2
Stephen Curry,2012,24,GSW,https://d2cwpp38twqe55.cloudfront.net/req/201804182/images/players/curryst01.jpg,3.9,PG,78,78,38.2,8,17.8,0.451,3.5,7.7,0.453,4.5,10.1,0.449,0.549,3.4,3.7,0.9,0.8,3.3,4,6.9,1.6,0.2,3.1,2.5,22.9,78,78,2983,626,1388,0.451,272,600,0.453,354,788,0.449,0.549,262,291,0.9,59,255,314,539,126,12,240,198,1786,21.3
Stephen Curry,2013,25,GSW,https://d2cwpp38twqe55.cloudfront.net/req/201804182/images/players/curryst01.jpg,9.8,PG,78,78,36.5,8.4,17.7,0.471,3.3,7.9,0.424,5,9.8,0.509,0.566,3.9,4.5,0.885,0.6,3.7,4.3,8.5,1.6,0.2,3.8,2.5,24,78,78,2846,652,1383,0.471,261,615,0.424,391,768,0.509,0.566,308,348,0.885,46,288,334,666,128,14,294,194,1873,24.1
Stephen Curry,2014,26,GSW,https://d2cwpp38twqe55.cloudfront.net/req/201804182/images/players/curryst01.jpg,10.6,PG,80,80,32.7,8.2,16.8,0.487,3.6,8.1,0.443,4.6,8.7,0.528,0.594,3.9,4.2,0.914,0.7,3.6,4.3,7.7,2,0.2,3.1,2,23.8,80,80,2613,653,1341,0.487,286,646,0.443,367,695,0.528,0.594,308,337,0.914,56,285,341,619,163,16,249,158,1900,28
Stephen Curry,2015,27,GSW,https://d2cwpp38twqe55.cloudfront.net/req/201804182/images/players/curryst01.jpg,11.3,PG,79,79,34.2,10.2,20.2,0.504,5.1,11.2,0.454,5.1,9,0.566,0.63,4.6,5.1,0.908,0.9,4.6,5.4,6.7,2.1,0.2,3.3,2,30.1,79,79,2700,805,1598,0.504,402,886,0.454,403,712,0.566,0.63,363,400,0.908,68,362,430,527,169,15,262,161,2375,31.5
Stephen Curry,2016,28,GSW,https://d2cwpp38twqe55.cloudfront.net/req/201804182/images/players/curryst01.jpg,12.1,PG,79,79,33.4,8.5,18.3,0.468,4.1,10,0.411,4.4,8.3,0.537,0.58,4.1,4.6,0.898,0.8,3.7,4.5,6.6,1.8,0.2,3,2.3,25.3,79,79,2638,675,1443,0.468,324,789,0.411,351,654,0.537,0.58,325,362,0.898,61,292,353,524,142,17,239,183,1999,24.6
Stephen Curry,2017,29,GSW,https://d2cwpp38twqe55.cloudfront.net/req/201804182/images/players/curryst01.jpg,34.6,PG,51,51,32,8.4,16.9,0.495,4.2,9.8,0.423,4.2,7.1,0.595,0.618,5.5,5.9,0.921,0.7,4.4,5.1,6.1,1.6,0.2,3,2.2,26.4,51,51,1631,428,864,0.495,212,501,0.423,216,363,0.595,0.618,278,302,0.921,36,225,261,310,80,8,153,114,1346,28.2
Kevin Durant,2007,19,SEA,https://d2cwpp38twqe55.cloudfront.net/req/201806291/images/players/duranke01.jpg,4.1,SG,80,80,34.6,7.3,17.1,0.43,0.7,2.6,0.288,6.6,14.5,0.455,0.451,4.9,5.6,0.873,0.9,3.5,4.4,2.4,1,0.9,2.9,1.5,20.3,80,80,2768,587,1366,0.43,59,205,0.288,528,1161,0.455,0.451,391,448,0.873,70,278,348,192,78,75,232,122,1624,15.8
Kevin Durant,2008,20,OKC,https://d2cwpp38twqe55.cloudfront.net/req/201806291/images/players/duranke01.jpg,4.4,SF,74,74,39,8.9,18.8,0.476,1.3,3.1,0.422,7.6,15.7,0.486,0.51,6.1,7.1,0.863,1,5.5,6.5,2.8,1.3,0.7,3,1.8,25.3,74,74,2885,661,1390,0.476,97,230,0.422,564,1160,0.486,0.51,452,524,0.863,77,405,482,205,96,53,225,134,1871,20.8
Kevin Durant,2009,21,OKC,https://d2cwpp38twqe55.cloudfront.net/req/201806291/images/players/duranke01.jpg,4.7,SF,82,82,39.5,9.7,20.3,0.476,1.6,4.3,0.365,8.1,16.1,0.506,0.514,9.2,10.2,0.9,1.3,6.3,7.6,2.8,1.4,1,3.3,2.1,30.1,82,82,3239,794,1668,0.476,128,351,0.365,666,1317,0.506,0.514,756,840,0.9,105,518,623,231,112,84,271,171,2472,26.2
Kevin Durant,2010,22,OKC,https://d2cwpp38twqe55.cloudfront.net/req/201806291/images/players/duranke01.jpg,6,SF,78,78,38.9,9.1,19.7,0.462,1.9,5.3,0.35,7.3,14.4,0.504,0.509,7.6,8.7,0.88,0.7,6.1,6.8,2.7,1.1,1,2.8,2,27.7,78,78,3038,711,1538,0.462,145,414,0.35,566,1124,0.504,0.509,594,675,0.88,57,476,533,214,88,76,218,159,2161,23.6
Kevin Durant,2011,23,OKC,https://d2cwpp38twqe55.cloudfront.net/req/201806291/images/players/duranke01.jpg,15.5,SF,66,66,38.6,9.7,19.7,0.496,2,5.2,0.387,7.7,14.4,0.535,0.547,6.5,7.6,0.86,0.6,7.4,8,3.5,1.3,1.2,3.8,2,28,66,66,2546,643,1297,0.496,133,344,0.387,510,953,0.535,0.547,431,501,0.86,40,487,527,231,88,77,248,133,1850,26.2
Kevin Durant,2012,24,OKC,https://d2cwpp38twqe55.cloudfront.net/req/201806291/images/players/duranke01.jpg,16.6,SF,81,81,38.5,9,17.7,0.51,1.7,4.1,0.416,7.3,13.6,0.539,0.559,8.4,9.3,0.905,0.6,7.3,7.9,4.6,1.4,1.3,3.5,1.8,28.1,81,81,3119,731,1433,0.51,139,334,0.416,592,1099,0.539,0.559,679,750,0.905,46,594,640,374,116,105,280,143,2280,28.3
Kevin Durant,2013,25,OKC,https://d2cwpp38twqe55.cloudfront.net/req/201806291/images/players/duranke01.jpg,17.8,SF,81,81,38.5,10.5,20.8,0.503,2.4,6.1,0.391,8.1,14.8,0.549,0.56,8.7,9.9,0.873,0.7,6.7,7.4,5.5,1.3,0.7,3.5,2.1,32,81,81,3122,849,1688,0.503,192,491,0.391,657,1197,0.549,0.56,703,805,0.873,58,540,598,445,103,59,285,174,2593,29.8
Kevin Durant,2014,26,OKC,https://d2cwpp38twqe55.cloudfront.net/req/201806291/images/players/duranke01.jpg,18.9,SF,27,27,33.8,8.8,17.3,0.51,2.4,5.9,0.403,6.4,11.4,0.565,0.578,5.4,6.3,0.854,0.6,6,6.6,4.1,0.9,0.9,2.7,1.5,25.4,27,27,913,238,467,0.51,64,159,0.403,174,308,0.565,0.578,146,171,0.854,16,162,178,110,24,25,74,40,686,27.6
Kevin Durant,2015,27,OKC,https://d2cwpp38twqe55.cloudfront.net/req/201806291/images/players/duranke01.jpg,20.1,SF,72,72,35.8,9.7,19.2,0.505,2.6,6.7,0.387,7.1,12.5,0.569,0.573,6.2,6.9,0.898,0.6,7.6,8.2,5,1,1.2,3.5,1.9,28.2,72,72,2578,698,1381,0.505,186,481,0.387,512,900,0.569,0.573,447,498,0.898,45,544,589,361,69,85,250,137,2029,28.2
Kevin Durant,2016,28,GSW,https://d2cwpp38twqe55.cloudfront.net/req/201806291/images/players/duranke01.jpg,26.5,PF,62,62,33.4,8.9,16.5,0.537,1.9,5,0.375,7,11.5,0.608,0.594,5.4,6.2,0.875,0.6,7.6,8.3,4.8,1.1,1.6,2.2,1.9,25.1,62,62,2070,551,1026,0.537,117,312,0.375,434,714,0.608,0.594,336,384,0.875,39,474,513,300,66,99,138,117,1555,27.6
Kevin Durant,2017,29,GSW,https://d2cwpp38twqe55.cloudfront.net/req/201806291/images/players/duranke01.jpg,25,PF,68,68,34.2,9.3,18,0.516,2.5,6.1,0.419,6.7,11.9,0.565,0.586,5.3,5.9,0.889,0.5,6.4,6.8,5.4,0.7,1.8,3,2,26.4,68,68,2325,630,1222,0.516,173,413,0.419,457,809,0.565,0.586,359,404,0.889,31,433,464,366,50,119,207,133,1792,26
Russell Westbrook,2008,20,OKC,https://d2cwpp38twqe55.cloudfront.net/req/201806291/images/players/westbru01.jpg,3.4,PG,82,65,32.5,5.3,13.4,0.398,0.4,1.6,0.271,4.9,11.8,0.415,0.414,4.3,5.2,0.815,2.2,2.7,4.9,5.3,1.3,0.2,3.3,2.3,15.3,82,65,2668,436,1095,0.398,35,129,0.271,401,966,0.415,0.414,349,428,0.815,178,221,399,435,110,16,274,191,1256,15.2
Russell Westbrook,2009,21,OKC,https://d2cwpp38twqe55.cloudfront.net/req/201806291/images/players/westbru01.jpg,3.7,PG,82,82,34.3,5.9,14.1,0.418,0.3,1.3,0.221,5.6,12.9,0.438,0.428,4,5.1,0.78,1.7,3.1,4.9,8,1.3,0.4,3.3,2.5,16.1,82,82,2813,485,1160,0.418,23,104,0.221,462,1056,0.438,0.428,329,422,0.78,143,258,401,652,108,34,268,204,1322,17.8
Russell Westbrook,2010,22,OKC,https://d2cwpp38twqe55.cloudfront.net/req/201806291/images/players/westbru01.jpg,4,PG,82,82,34.7,7.5,17,0.442,0.4,1.3,0.33,7.1,15.7,0.451,0.454,6.5,7.7,0.842,1.5,3.1,4.6,8.2,1.9,0.4,3.9,2.5,21.9,82,82,2847,614,1390,0.442,34,103,0.33,580,1287,0.451,0.454,531,631,0.842,121,258,379,670,155,30,316,207,1793,23.6
Russell Westbrook,2011,23,OKC,https://d2cwpp38twqe55.cloudfront.net/req/201806291/images/players/westbru01.jpg,5,PG,66,66,35.3,8.8,19.2,0.457,0.9,3,0.316,7.8,16.2,0.482,0.481,5.2,6.3,0.823,1.5,3.1,4.6,5.5,1.7,0.3,3.6,2.2,23.6,66,66,2331,578,1266,0.457,62,196,0.316,516,1070,0.482,0.481,340,413,0.823,96,205,301,362,112,21,239,147,1558,22.9
Russell Westbrook,2012,24,OKC,https://d2cwpp38twqe55.cloudfront.net/req/201806291/images/players/westbru01.jpg,13.6,PG,82,82,34.9,8.2,18.7,0.438,1.2,3.7,0.323,7,15.1,0.466,0.47,5.6,7,0.8,1.4,3.9,5.2,7.4,1.8,0.3,3.3,2.3,23.2,82,82,2861,673,1535,0.438,97,300,0.323,576,1235,0.466,0.47,460,575,0.8,111,317,428,607,145,24,273,189,1903,23.9
Russell Westbrook,2013,25,OKC,https://d2cwpp38twqe55.cloudfront.net/req/201806291/images/players/westbru01.jpg,14.6,PG,46,46,30.7,7.5,17.2,0.437,1.5,4.7,0.318,6,12.5,0.482,0.48,5.3,6.4,0.826,1.2,4.5,5.7,6.9,1.9,0.2,3.8,2.3,21.8,46,46,1412,346,791,0.437,68,214,0.318,278,577,0.482,0.48,242,293,0.826,55,208,263,319,88,7,177,104,1002,24.7
Russell Westbrook,2014,26,OKC,https://d2cwpp38twqe55.cloudfront.net/req/201806291/images/players/westbru01.jpg,15.7,PG,67,67,34.4,9.4,22,0.426,1.3,4.3,0.299,8.1,17.7,0.457,0.455,8.1,9.8,0.835,1.9,5.4,7.3,8.6,2.1,0.2,4.4,2.7,28.1,67,67,2302,627,1471,0.426,86,288,0.299,541,1183,0.457,0.455,546,654,0.835,124,364,488,574,140,14,293,184,1886,29.1
Russell Westbrook,2015,27,OKC,https://d2cwpp38twqe55.cloudfront.net/req/201806291/images/players/westbru01.jpg,16.7,PG,80,80,34.4,8.2,18.1,0.454,1.3,4.3,0.296,6.9,13.8,0.503,0.489,5.8,7.2,0.812,1.8,6,7.8,10.4,2,0.3,4.3,2.5,23.5,80,80,2750,656,1444,0.454,101,341,0.296,555,1103,0.503,0.489,465,573,0.812,145,481,626,834,163,20,342,200,1878,27.6
Russell Westbrook,2016,28,OKC,https://d2cwpp38twqe55.cloudfront.net/req/201806291/images/players/westbru01.jpg,26.5,PG,81,81,34.6,10.2,24,0.425,2.5,7.2,0.343,7.7,16.8,0.459,0.476,8.8,10.4,0.845,1.7,9,10.7,10.4,1.6,0.4,5.4,2.3,31.6,81,81,2802,824,1941,0.425,200,583,0.343,624,1358,0.459,0.476,710,840,0.845,137,727,864,840,132,31,438,190,2558,30.6
Russell Westbrook,2017,29,OKC,https://d2cwpp38twqe55.cloudfront.net/req/201806291/images/players/westbru01.jpg,28.5,PG,80,80,36.4,9.5,21.1,0.449,1.2,4.1,0.298,8.3,17,0.485,0.477,5.2,7.1,0.737,1.9,8.2,10.1,10.3,1.8,0.3,4.8,2.5,25.4,80,80,2914,757,1687,0.449,97,326,0.298,660,1361,0.485,0.477,417,566,0.737,152,652,804,820,147,20,381,200,2028,24.7
Dwyane Wade,2003,22,MIA,https://d2cwpp38twqe55.cloudfront.net/req/201806291/images/players/wadedw01.jpg,2.6,PG,61,56,34.9,6.1,13.1,0.465,0.3,0.9,0.302,5.8,12.2,0.477,0.475,3.8,5.1,0.747,1.4,2.7,4,4.5,1.4,0.6,3.2,2.3,16.2,61,56,2126,371,798,0.465,16,53,0.302,355,745,0.477,0.475,233,312,0.747,85,162,247,275,86,34,196,140,991,17.6
Dwyane Wade,2004,23,MIA,https://d2cwpp38twqe55.cloudfront.net/req/201806291/images/players/wadedw01.jpg,2.8,SG,77,77,38.6,8.2,17.1,0.478,0.2,0.6,0.289,8,16.5,0.485,0.483,7.5,9.9,0.762,1.4,3.7,5.2,6.8,1.6,1.1,4.2,3,24.1,77,77,2974,630,1318,0.478,13,45,0.289,617,1273,0.485,0.483,581,762,0.762,110,287,397,520,121,82,321,230,1854,23.1
Dwyane Wade,2005,24,MIA,https://d2cwpp38twqe55.cloudfront.net/req/201806291/images/players/wadedw01.jpg,3,SG,75,75,38.6,9.3,18.8,0.495,0.2,1,0.171,9.1,17.8,0.513,0.499,8.4,10.7,0.783,1.4,4.3,5.7,6.7,1.9,0.8,3.6,2.9,27.2,75,75,2892,699,1413,0.495,13,76,0.171,686,1337,0.513,0.499,629,803,0.783,107,323,430,503,146,58,268,217,2040,27.6
Dwyane Wade,2006,25,MIA,https://d2cwpp38twqe55.cloudfront.net/req/201806291/images/players/wadedw01.jpg,3.8,SG,51,50,37.9,9.3,18.9,0.491,0.4,1.5,0.266,8.8,17.3,0.511,0.502,8.5,10.5,0.807,1,3.7,4.7,7.5,2.1,1.2,4.2,2.3,27.4,51,50,1931,472,962,0.491,21,79,0.266,451,883,0.511,0.502,432,535,0.807,51,188,239,384,107,62,216,117,1397,28.9
Dwyane Wade,2007,26,MIA,https://d2cwpp38twqe55.cloudfront.net/req/201806291/images/players/wadedw01.jpg,13,SG,51,49,38.3,8.6,18.4,0.469,0.4,1.5,0.286,8.2,16.9,0.485,0.48,6.9,9.2,0.758,0.9,3.3,4.2,6.9,1.7,0.7,4.4,2.7,24.6,51,49,1954,439,937,0.469,22,77,0.286,417,860,0.485,0.48,354,467,0.758,45,169,214,354,87,37,224,137,1254,21.5
Dwyane Wade,2008,27,MIA,https://d2cwpp38twqe55.cloudfront.net/req/201806291/images/players/wadedw01.jpg,14.4,SG,79,79,38.6,10.8,22,0.491,1.1,3.5,0.317,9.7,18.5,0.524,0.516,7.5,9.8,0.765,1.1,3.9,5,7.5,2.2,1.3,3.4,2.3,30.2,79,79,3048,854,1739,0.491,88,278,0.317,766,1461,0.524,0.516,590,771,0.765,89,309,398,589,173,106,272,178,2386,30.4
Dwyane Wade,2009,28,MIA,https://d2cwpp38twqe55.cloudfront.net/req/201806291/images/players/wadedw01.jpg,15.7,SG,77,77,36.3,9.3,19.6,0.476,0.9,3.2,0.3,8.4,16.5,0.509,0.5,6.9,9.1,0.761,1.4,3.5,4.8,6.5,1.8,1.1,3.3,2.4,26.6,77,77,2792,719,1511,0.476,73,243,0.3,646,1268,0.509,0.5,534,702,0.761,107,266,373,501,142,82,252,181,2045,28
Dwyane Wade,2010,29,MIA,https://d2cwpp38twqe55.cloudfront.net/req/201806291/images/players/wadedw01.jpg,14.2,SG,76,76,37.1,9.1,18.2,0.5,0.8,2.7,0.306,8.3,15.5,0.534,0.523,6.5,8.6,0.758,1.6,4.8,6.4,4.6,1.5,1.1,3.1,2.6,25.5,76,76,2823,692,1384,0.5,63,206,0.306,629,1178,0.534,0.523,494,652,0.758,123,362,485,346,111,87,237,197,1941,25.6
Dwyane Wade,2011,30,MIA,https://d2cwpp38twqe55.cloudfront.net/req/201806291/images/players/wadedw01.jpg,15.6,SG,49,49,33.2,8.5,17.1,0.497,0.3,1.1,0.268,8.2,15.9,0.513,0.506,4.8,6.1,0.791,1.5,3.3,4.8,4.6,1.7,1.3,2.6,2.2,22.1,49,49,1625,416,837,0.497,15,56,0.268,401,781,0.513,0.506,235,297,0.791,73,164,237,225,82,63,129,110,1082,26.3
Dwyane Wade,2012,31,MIA,https://d2cwpp38twqe55.cloudfront.net/req/201806291/images/players/wadedw01.jpg,17.1,SG,69,69,34.7,8.2,15.8,0.521,0.2,1,0.258,8,14.9,0.537,0.528,4.5,6.2,0.725,1.2,3.7,5,5.1,1.9,0.8,2.8,2,21.2,69,69,2391,569,1093,0.521,17,66,0.258,552,1027,0.537,0.528,308,425,0.725,86,258,344,352,128,56,194,140,1463,24
Dwyane Wade,2013,32,MIA,https://d2cwpp38twqe55.cloudfront.net/req/201806291/images/players/wadedw01.jpg,18.6,SG,54,53,32.9,7.7,14.1,0.545,0.2,0.6,0.281,7.5,13.5,0.557,0.551,3.5,4.8,0.733,1.1,3.4,4.5,4.7,1.5,0.5,3,2,19,54,53,1775,415,761,0.545,9,32,0.281,406,729,0.557,0.551,189,258,0.733,60,181,241,252,79,29,161,106,1028,22
Dwyane Wade,2014,33,MIA,https://d2cwpp38twqe55.cloudfront.net/req/201806291/images/players/wadedw01.jpg,15,SG,62,62,31.8,8.2,17.5,0.47,0.5,1.6,0.284,7.7,15.8,0.489,0.483,4.6,6,0.768,0.9,2.6,3.5,4.8,1.2,0.3,3.4,1.7,21.5,62,62,1971,509,1084,0.47,29,102,0.284,480,982,0.489,0.483,284,370,0.768,58,161,219,299,73,21,209,105,1331,21.4
Dwyane Wade,2015,34,MIA,https://d2cwpp38twqe55.cloudfront.net/req/201806291/images/players/wadedw01.jpg,20,SG,74,73,30.5,7.3,16,0.456,0.1,0.6,0.159,7.2,15.4,0.468,0.459,4.4,5.5,0.793,1.1,3,4.1,4.6,1.1,0.6,2.7,1.6,19,74,73,2258,540,1183,0.456,7,44,0.159,533,1139,0.468,0.459,322,406,0.793,82,220,302,344,79,42,203,116,1409,20.3
Dwyane Wade,2016,35,CHI,https://d2cwpp38twqe55.cloudfront.net/req/201806291/images/players/wadedw01.jpg,23.2,SG,60,59,29.9,6.9,15.9,0.434,0.8,2.4,0.31,6.2,13.5,0.456,0.457,3.7,4.7,0.794,1.1,3.5,4.5,3.8,1.4,0.7,2.3,1.9,18.3,60,59,1792,414,955,0.434,45,145,0.31,369,810,0.456,0.457,223,281,0.794,63,207,270,228,86,41,138,112,1096,18.5
Dwyane Wade,2017,36,TOT,https://d2cwpp38twqe55.cloudfront.net/req/201806291/images/players/wadedw01.jpg,15.5,SG,67,3,22.9,4.5,10.2,0.438,0.5,1.7,0.288,4,8.5,0.468,0.462,2,2.8,0.714,0.7,3,3.8,3.4,0.9,0.7,2.1,1.9,11.4,67,3,1536,299,682,0.438,32,111,0.288,267,571,0.468,0.462,135,189,0.714,50,202,252,228,61,47,140,124,765,15
Anthony Davis,2013,19,NOH,https://d2cwpp38twqe55.cloudfront.net/req/201806291/images/players/davisan02.jpg,5.1,PF,64,60,28.8,5.5,10.6,0.516,0,0.1,0,5.5,10.5,0.521,0.516,2.6,3.5,0.751,2.6,5.6,8.2,1,1.2,1.8,1.4,2.5,13.5,64,60,1846,349,676,0.516,0,6,0,349,670,0.521,0.516,169,225,0.751,165,357,522,63,75,112,89,158,867,21.7
Anthony Davis,2014,20,NOP,https://d2cwpp38twqe55.cloudfront.net/req/201806291/images/players/davisan02.jpg,5.3,PF,67,66,35.2,7.8,15,0.519,0,0.1,0.222,7.8,14.9,0.522,0.52,5.2,6.6,0.791,3.1,7,10,1.6,1.3,2.8,1.6,3,20.8,67,66,2358,522,1005,0.519,2,9,0.222,520,996,0.522,0.52,348,440,0.791,207,466,673,105,89,189,109,200,1394,26.5
Anthony Davis,2015,21,NOP,https://d2cwpp38twqe55.cloudfront.net/req/201806291/images/players/davisan02.jpg,5.6,PF,68,68,36.1,9.4,17.6,0.535,0,0.2,0.083,9.4,17.5,0.54,0.536,5.5,6.8,0.805,2.5,7.7,10.2,2.2,1.5,2.9,1.4,2.1,24.4,68,68,2455,642,1199,0.535,1,12,0.083,641,1187,0.54,0.536,371,461,0.805,173,523,696,149,100,200,95,141,1656,30.8
Anthony Davis,2016,22,NOP,https://d2cwpp38twqe55.cloudfront.net/req/201806291/images/players/davisan02.jpg,7,C,61,61,35.5,9.2,18.6,0.493,0.6,1.8,0.324,8.6,16.9,0.511,0.508,5.3,7,0.758,2.1,8.1,10.3,1.9,1.3,2,2,2.4,24.3,61,61,2164,560,1136,0.493,35,108,0.324,525,1028,0.511,0.508,326,430,0.758,130,497,627,116,78,125,121,148,1481,25
Anthony Davis,2017,24,NOP,https://d2cwpp38twqe55.cloudfront.net/req/201806291/images/players/davisan02.jpg,22,PF,75,75,36.4,10.4,19.5,0.534,0.7,2.2,0.34,9.7,17.3,0.558,0.552,6.6,8,0.828,2.5,8.6,11.1,2.3,1.5,2.6,2.2,2.1,28.1,75,75,2708,770,1526,0.505,40,134,0.299,730,1392,0.524,0.518,519,647,0.802,172,712,884,157,94,167,181,168,2099,27.5
Damian Lillard,2012,22,POR,https://d2cwpp38twqe55.cloudfront.net/req/201806291/images/players/lillada01.jpg,3,PG,82,82,38.6,6.7,15.7,0.429,2.3,6.1,0.368,4.5,9.6,0.469,0.501,3.3,3.9,0.844,0.5,2.6,3.1,6.5,0.9,0.2,3,2.1,19,82,82,3167,553,1288,0.429,185,503,0.368,368,785,0.469,0.501,271,321,0.844,42,215,257,531,74,19,243,172,1562,16.4
Damian Lillard,2013,23,POR,https://d2cwpp38twqe55.cloudfront.net/req/201806291/images/players/lillada01.jpg,3.2,PG,82,82,35.8,6.7,15.9,0.424,2.7,6.8,0.394,4.1,9.1,0.447,0.508,4.5,5.2,0.871,0.4,3.1,3.5,5.6,0.8,0.3,2.4,2.4,20.7,82,82,2937,553,1304,0.424,218,554,0.394,335,750,0.447,0.508,371,426,0.871,35,253,288,457,64,22,193,197,1695,18.6
Damian Lillard,2014,24,POR,https://d2cwpp38twqe55.cloudfront.net/req/201806291/images/players/lillada01.jpg,3.3,PG,82,82,35.7,7.2,16.6,0.434,2.4,7,0.343,4.8,9.6,0.5,0.506,4.2,4.9,0.864,0.6,4,4.6,6.2,1.2,0.3,2.7,2,21,82,82,2925,590,1360,0.434,196,572,0.343,394,788,0.5,0.506,344,398,0.864,49,329,378,507,97,21,222,164,1720,20.7
Damian Lillard,2015,25,POR,https://d2cwpp38twqe55.cloudfront.net/req/201806291/images/players/lillada01.jpg,4.2,PG,75,75,35.7,8.2,19.7,0.419,3.1,8.1,0.375,5.2,11.5,0.45,0.497,5.5,6.2,0.892,0.6,3.4,4,6.8,0.9,0.4,3.2,2.2,25.1,75,75,2676,618,1474,0.419,229,610,0.375,389,864,0.45,0.497,414,464,0.892,45,257,302,512,65,28,242,165,1879,22.2
Damian Lillard,2016,26,POR,https://d2cwpp38twqe55.cloudfront.net/req/201806291/images/players/lillada01.jpg,24.3,PG,75,75,35.9,8.8,19.8,0.444,2.9,7.7,0.37,6,12.1,0.492,0.516,6.5,7.3,0.895,0.6,4.3,4.9,5.9,0.9,0.3,2.6,2,27,75,75,2694,661,1488,0.444,214,579,0.37,447,909,0.492,0.516,488,545,0.895,46,322,368,440,68,20,197,152,2024,24.1
Damian Lillard,2017,27,POR,https://d2cwpp38twqe55.cloudfront.net/req/201806291/images/players/lillada01.jpg,26.1,PG,73,73,36.6,8.5,19.4,0.439,3.1,8.6,0.361,5.4,10.8,0.501,0.519,6.8,7.4,0.916,0.8,3.6,4.5,6.6,1.1,0.4,2.8,1.6,26.9,73,73,2670,621,1415,0.439,227,629,0.361,394,786,0.501,0.519,493,538,0.916,62,263,325,481,77,27,206,117,1962,25.2
Klay Thompson,2011,21,GSW,https://d2cwpp38twqe55.cloudfront.net/req/201806291/images/players/thompkl01.jpg,2.1,SG,66,29,24.4,4.8,10.9,0.443,1.7,4.1,0.414,3.1,6.8,0.46,0.52,1.2,1.4,0.868,0.4,2.1,2.4,2,0.7,0.3,1.6,2.3,12.5,66,29,1608,318,718,0.443,111,268,0.414,207,450,0.46,0.52,79,91,0.868,24,137,161,133,49,20,103,155,826,14.9
Klay Thompson,2012,22,GSW,https://d2cwpp38twqe55.cloudfront.net/req/201806291/images/players/thompkl01.jpg,2.2,SG,82,82,35.8,6.2,14.7,0.422,2.6,6.4,0.401,3.6,8.3,0.437,0.509,1.6,1.9,0.841,0.4,3.3,3.7,2.2,1,0.5,1.9,2.9,16.6,82,82,2936,508,1205,0.422,211,526,0.401,297,679,0.437,0.509,132,157,0.841,32,274,306,183,86,45,157,237,1359,12.7
Klay Thompson,2013,23,GSW,https://d2cwpp38twqe55.cloudfront.net/req/201806291/images/players/thompkl01.jpg,2.3,SG,81,81,35.4,6.9,15.5,0.444,2.8,6.6,0.417,4.1,8.9,0.464,0.533,1.8,2.3,0.795,0.5,2.6,3.1,2.2,0.9,0.5,1.7,2.9,18.4,81,81,2868,559,1259,0.444,223,535,0.417,336,724,0.464,0.533,147,185,0.795,38,211,249,181,74,37,135,234,1488,14.3
Klay Thompson,2014,24,GSW,https://d2cwpp38twqe55.cloudfront.net/req/201806291/images/players/thompkl01.jpg,3,SG,77,77,31.9,7.8,16.9,0.463,3.1,7.1,0.439,4.7,9.8,0.481,0.555,2.9,3.3,0.879,0.4,2.9,3.2,2.9,1.1,0.8,1.9,1.6,21.7,77,77,2455,602,1299,0.463,239,545,0.439,363,754,0.481,0.555,225,256,0.879,27,220,247,222,87,60,149,122,1668,20.8
Klay Thompson,2015,25,GSW,https://d2cwpp38twqe55.cloudfront.net/req/201806291/images/players/thompkl01.jpg,15.5,SG,80,80,33.3,8.1,17.3,0.47,3.5,8.1,0.425,4.7,9.2,0.51,0.569,2.4,2.8,0.873,0.4,3.4,3.8,2.1,0.8,0.6,1.7,1.9,22.1,80,80,2666,651,1386,0.47,276,650,0.425,375,736,0.51,0.569,193,221,0.873,35,271,306,166,60,49,138,152,1771,18.6
Klay Thompson,2016,26,GSW,https://d2cwpp38twqe55.cloudfront.net/req/201806291/images/players/thompkl01.jpg,16.6,SG,78,78,34,8.3,17.6,0.468,3.4,8.3,0.414,4.8,9.3,0.516,0.565,2.4,2.8,0.853,0.6,3,3.7,2.1,0.8,0.5,1.6,1.8,22.3,78,78,2649,644,1376,0.468,268,647,0.414,376,729,0.516,0.565,186,218,0.853,49,236,285,160,66,40,128,139,1742,17.4
Klay Thompson,2017,27,GSW,https://d2cwpp38twqe55.cloudfront.net/req/201806291/images/players/thompkl01.jpg,17.8,SG,73,73,34.3,7.9,16.1,0.488,3.1,7.1,0.44,4.7,9,0.526,0.585,1.1,1.3,0.837,0.4,3.4,3.8,2.5,0.8,0.5,1.8,1.6,20,73,73,2506,575,1178,0.488,229,520,0.44,346,658,0.526,0.585,82,98,0.837,31,246,277,185,55,34,128,117,1461,16.1
Carmelo Anthony,2003,19,DEN,https://d2cwpp38twqe55.cloudfront.net/req/201806291/images/players/anthoca01.jpg,3.2,SF,82,82,36.5,7.6,17.9,0.426,0.8,2.6,0.322,6.8,15.3,0.444,0.449,5,6.4,0.777,2.2,3.8,6.1,2.8,1.2,0.5,3,2.7,21,82,82,2995,624,1465,0.426,69,214,0.322,555,1251,0.444,0.449,408,525,0.777,183,315,498,227,97,41,247,225,1725,17.6
Carmelo Anthony,2004,20,DEN,https://d2cwpp38twqe55.cloudfront.net/req/201806291/images/players/anthoca01.jpg,3.4,SF,75,75,34.8,7.1,16.4,0.431,0.6,2.1,0.266,6.5,14.3,0.455,0.448,6.1,7.6,0.796,1.9,3.8,5.7,2.6,0.9,0.4,3,3.1,20.8,75,75,2608,530,1230,0.431,42,158,0.266,488,1072,0.455,0.448,456,573,0.796,141,285,426,194,68,30,224,229,1558,16.7
Carmelo Anthony,2005,21,DEN,https://d2cwpp38twqe55.cloudfront.net/req/201806291/images/players/anthoca01.jpg,3.7,SF,80,80,36.8,9.5,19.7,0.481,0.5,1.9,0.243,9,17.8,0.506,0.493,7.2,8.9,0.808,1.5,3.4,4.9,2.7,1.1,0.5,2.7,2.9,26.5,80,80,2941,756,1572,0.481,37,152,0.243,719,1420,0.506,0.493,573,709,0.808,122,272,394,216,88,42,218,229,2122,22
Carmelo Anthony,2006,22,DEN,https://d2cwpp38twqe55.cloudfront.net/req/201806291/images/players/anthoca01.jpg,4.7,SF,65,65,38.2,10.6,22.4,0.476,0.6,2.3,0.268,10,20.1,0.499,0.489,7.1,8.7,0.808,2.2,3.8,6,3.8,1.2,0.4,3.6,3.1,28.9,65,65,2486,691,1453,0.476,40,149,0.268,651,1304,0.499,0.489,459,568,0.808,143,248,391,249,77,23,234,203,1881,22.1
Carmelo Anthony,2007,23,DEN,https://d2cwpp38twqe55.cloudfront.net/req/201806291/images/players/anthoca01.jpg,13,SF,77,77,36.4,9.5,19.2,0.492,0.8,2.1,0.354,8.7,17.1,0.509,0.511,6,7.7,0.786,2.3,5.1,7.4,3.4,1.3,0.5,3.3,3.3,25.7,77,77,2806,728,1481,0.492,58,164,0.354,670,1317,0.509,0.511,464,590,0.786,178,393,571,259,98,39,253,253,1978,21.1
Carmelo Anthony,2008,24,DEN,https://d2cwpp38twqe55.cloudfront.net/req/201806291/images/players/anthoca01.jpg,14.4,SF,66,66,34.5,8.1,18.3,0.443,1,2.6,0.371,7.2,15.7,0.455,0.469,5.6,7.1,0.793,1.6,5.2,6.8,3.4,1.1,0.4,3,3,22.8,66,66,2277,535,1207,0.443,63,170,0.371,472,1037,0.455,0.469,371,468,0.793,106,344,450,222,75,24,199,195,1504,19
Carmelo Anthony,2009,25,DEN,https://d2cwpp38twqe55.cloudfront.net/req/201806291/images/players/anthoca01.jpg,15.7,SF,69,69,38.2,10,21.8,0.458,0.9,2.7,0.316,9.1,19.1,0.478,0.478,7.4,8.9,0.83,2.2,4.4,6.6,3.2,1.3,0.4,3,3.3,28.2,69,69,2634,688,1502,0.458,59,187,0.316,629,1315,0.478,0.478,508,612,0.83,152,302,454,222,88,30,209,225,1943,22.2
Carmelo Anthony,2010,26,NYK,https://d2cwpp38twqe55.cloudfront.net/req/201806291/images/players/anthoca01.jpg,17.1,SF,27,27,36.2,9.1,19.9,0.461,2,4.6,0.424,7.2,15.2,0.472,0.51,6.1,7,0.872,1.5,5.2,6.7,3,0.9,0.6,2.4,3.3,26.3,27,27,977,247,536,0.461,53,125,0.424,194,411,0.472,0.51,164,188,0.872,41,140,181,81,25,15,64,90,711,22.8
Carmelo Anthony,2011,27,NYK,https://d2cwpp38twqe55.cloudfront.net/req/201806291/images/players/anthoca01.jpg,18.5,SF,55,55,34.1,8,18.6,0.43,1.2,3.7,0.335,6.8,14.9,0.454,0.463,5.4,6.7,0.804,1.6,4.7,6.3,3.6,1.1,0.4,2.6,2.8,22.6,55,55,1876,441,1025,0.43,68,203,0.335,373,822,0.454,0.463,295,367,0.804,88,256,344,200,62,24,144,156,1245,21.1
Carmelo Anthony,2012,28,NYK,https://d2cwpp38twqe55.cloudfront.net/req/201806291/images/players/anthoca01.jpg,19.4,PF,67,67,37,10,22.2,0.449,2.3,6.2,0.379,7.6,16,0.476,0.502,6.3,7.6,0.83,2,4.9,6.9,2.6,0.8,0.5,2.6,3.1,28.7,67,67,2482,669,1489,0.449,157,414,0.379,512,1075,0.476,0.502,425,512,0.83,134,326,460,171,52,32,175,205,1920,24.8
Carmelo Anthony,2013,29,NYK,https://d2cwpp38twqe55.cloudfront.net/req/201806291/images/players/anthoca01.jpg,22.4,PF,77,77,38.7,9.6,21.3,0.452,2.2,5.4,0.402,7.5,15.9,0.469,0.503,6,7,0.848,1.9,6.2,8.1,3.1,1.2,0.7,2.6,2.9,27.4,77,77,2982,743,1643,0.452,167,415,0.402,576,1228,0.469,0.503,459,541,0.848,145,477,622,242,95,51,198,224,2112,24.4
Carmelo Anthony,2014,30,NYK,https://d2cwpp38twqe55.cloudfront.net/req/201806291/images/players/anthoca01.jpg,22.4,SF,40,40,35.7,9,20.2,0.444,1.5,4.5,0.341,7.4,15.7,0.474,0.482,4.7,5.9,0.797,1.8,4.8,6.6,3.1,1,0.4,2.2,2.2,24.2,40,40,1428,358,806,0.444,61,179,0.341,297,627,0.474,0.482,189,237,0.797,72,192,264,122,40,17,89,87,966,21.5
Carmelo Anthony,2015,31,NYK,https://d2cwpp38twqe55.cloudfront.net/req/201806291/images/players/anthoca01.jpg,22.8,SF,72,72,35.1,7.9,18.2,0.434,1.5,4.3,0.339,6.4,13.8,0.463,0.474,4.6,5.6,0.829,1.4,6.4,7.7,4.2,0.9,0.5,2.4,2.5,21.8,72,72,2530,567,1307,0.434,105,310,0.339,462,997,0.463,0.474,334,403,0.829,98,458,556,299,62,38,176,180,1573,20.3
Carmelo Anthony,2016,32,NYK,https://d2cwpp38twqe55.cloudfront.net/req/201806291/images/players/anthoca01.jpg,24.5,SF,74,74,34.3,8.1,18.8,0.433,2,5.7,0.359,6.1,13.1,0.466,0.488,4.1,4.9,0.833,0.8,5.1,5.9,2.9,0.8,0.5,2.1,2.7,22.4,74,74,2538,602,1389,0.433,151,421,0.359,451,968,0.466,0.488,304,365,0.833,62,376,438,213,60,34,153,198,1659,17.9
Carmelo Anthony,2017,33,OKC,https://d2cwpp38twqe55.cloudfront.net/req/201806291/images/players/anthoca01.jpg,26.2,PF,78,78,32.1,6.1,15,0.404,2.2,6.1,0.357,3.9,8.9,0.437,0.476,1.9,2.5,0.767,0.9,4.9,5.8,1.3,0.6,0.6,1.3,2.5,16.2,78,78,2501,472,1168,0.404,169,474,0.357,303,694,0.437,0.476,148,193,0.767,67,386,453,103,47,49,99,197,1261,12.7
Dirk Nowitzki,2003,24,DAL,https://d2cwpp38twqe55.cloudfront.net/req/201806291/images/players/nowitdi01.jpg,10,PF,80,80,39,8.6,18.6,0.463,1.9,4.9,0.379,6.8,13.7,0.493,0.513,6,6.9,0.881,1,8.9,9.9,3,1.4,1,1.9,2.6,25.1,80,80,3117,690,1489,0.463,148,390,0.379,542,1099,0.493,0.513,483,548,0.881,81,710,791,239,111,82,152,206,2011,25.6
Dirk Nowitzki,2004,25,DAL,https://d2cwpp38twqe55.cloudfront.net/req/201806291/images/players/nowitdi01.jpg,11.1,C,77,77,37.9,7.9,17,0.462,1.3,3.8,0.341,6.6,13.2,0.496,0.5,4.8,5.5,0.877,1.2,7.5,8.7,2.7,1.2,1.4,1.8,2.8,21.8,77,77,2915,605,1310,0.462,99,290,0.341,506,1020,0.496,0.5,371,423,0.877,90,580,670,207,92,104,135,216,1680,22.5
Dirk Nowitzki,2005,26,DAL,https://d2cwpp38twqe55.cloudfront.net/req/201806291/images/players/nowitdi01.jpg,12.5,PF,78,78,38.7,8.5,18.5,0.459,1.2,2.9,0.399,7.3,15.6,0.47,0.49,7.9,9.1,0.869,1.2,8.5,9.7,3.1,1.2,1.5,2.3,2.8,26.1,78,78,3020,663,1445,0.459,91,228,0.399,572,1217,0.47,0.49,615,708,0.869,96,661,757,240,97,119,176,219,2032,26.1
Dirk Nowitzki,2006,27,DAL,https://d2cwpp38twqe55.cloudfront.net/req/201806291/images/players/nowitdi01.jpg,13.8,PF,81,81,38.1,9.3,19.3,0.48,1.4,3.3,0.406,7.9,16,0.496,0.515,6.7,7.4,0.901,1.4,7.6,9,2.8,0.7,1,1.9,2,26.6,81,81,3089,751,1564,0.48,110,271,0.406,641,1293,0.496,0.515,539,598,0.901,115,613,728,226,58,83,156,164,2151,28.1
Dirk Nowitzki,2007,28,DAL,https://d2cwpp38twqe55.cloudfront.net/req/201806291/images/players/nowitdi01.jpg,15.1,PF,78,78,36.2,8.6,17.2,0.502,0.9,2.2,0.416,7.7,15,0.515,0.529,6.4,7.1,0.904,1.6,7.3,8.9,3.4,0.7,0.8,2.1,2.2,24.6,78,78,2820,673,1341,0.502,72,173,0.416,601,1168,0.515,0.529,498,551,0.904,122,571,693,263,52,62,167,171,1916,27.6
Dirk Nowitzki,2008,29,DAL,https://d2cwpp38twqe55.cloudfront.net/req/201806291/images/players/nowitdi01.jpg,16.3,PF,77,77,36,8.2,17.1,0.479,1,2.9,0.359,7.2,14.2,0.504,0.51,6.2,7.1,0.879,1.2,7.3,8.6,3.5,0.7,0.9,2.1,2.6,23.6,77,77,2769,630,1314,0.479,79,220,0.359,551,1094,0.504,0.51,478,544,0.879,95,564,659,266,51,71,160,198,1817,24.6
Dirk Nowitzki,2009,30,DAL,https://d2cwpp38twqe55.cloudfront.net/req/201806291/images/players/nowitdi01.jpg,18,PF,81,81,37.7,9.6,20,0.479,0.8,2.1,0.359,8.8,17.9,0.493,0.498,6,6.7,0.89,1.1,7.3,8.4,2.4,0.8,0.8,1.9,2.2,25.9,81,81,3050,774,1616,0.479,61,170,0.359,713,1446,0.493,0.498,485,545,0.89,88,593,681,197,61,63,157,176,2094,23.1
Dirk Nowitzki,2010,31,DAL,https://d2cwpp38twqe55.cloudfront.net/req/201806291/images/players/nowitdi01.jpg,19.8,PF,81,80,37.5,8.9,18.5,0.481,0.6,1.5,0.421,8.3,17,0.487,0.498,6.6,7.2,0.915,1,6.7,7.7,2.7,0.9,1,1.8,2.6,25,81,80,3039,720,1496,0.481,51,121,0.421,669,1375,0.487,0.498,536,586,0.915,80,540,620,218,70,79,149,208,2027,22.9
Dirk Nowitzki,2011,32,DAL,https://d2cwpp38twqe55.cloudfront.net/req/201806291/images/players/nowitdi01.jpg,17.2,PF,73,73,34.3,8.4,16.2,0.517,0.9,2.3,0.393,7.5,13.8,0.538,0.545,5.4,6.1,0.892,0.7,6.3,7,2.6,0.5,0.6,1.9,2.4,23,73,73,2504,610,1179,0.517,66,168,0.393,544,1011,0.538,0.545,395,443,0.892,50,463,513,190,38,47,137,172,1681,23.4
Dirk Nowitzki,2012,33,DAL,https://d2cwpp38twqe55.cloudfront.net/req/201806291/images/players/nowitdi01.jpg,19,PF,62,62,33.5,7.6,16.7,0.457,1.3,3.4,0.368,6.4,13.3,0.481,0.495,5.1,5.7,0.896,0.7,6,6.7,2.2,0.7,0.5,1.9,2.1,21.6,62,62,2079,473,1034,0.457,78,212,0.368,395,822,0.481,0.495,318,355,0.896,46,372,418,136,42,30,117,129,1342,21.7
Dirk Nowitzki,2013,34,DAL,https://d2cwpp38twqe55.cloudfront.net/req/201806291/images/players/nowitdi01.jpg,20.9,PF,53,47,31.3,6.5,13.7,0.471,1.2,3,0.414,5.2,10.8,0.487,0.516,3.1,3.6,0.86,0.7,6.2,6.8,2.5,0.7,0.7,1.3,1.8,17.3,53,47,1661,343,728,0.471,65,157,0.414,278,571,0.487,0.516,166,193,0.86,37,326,363,132,38,37,70,93,917,19.8
Dirk Nowitzki,2014,35,DAL,https://d2cwpp38twqe55.cloudfront.net/req/201806291/images/players/nowitdi01.jpg,22.7,PF,80,80,32.9,7.9,15.9,0.497,1.6,4.1,0.398,6.3,11.8,0.532,0.549,4.2,4.7,0.899,0.5,5.7,6.2,2.7,0.9,0.6,1.5,2.1,21.7,80,80,2628,633,1273,0.497,131,329,0.398,502,944,0.532,0.549,338,376,0.899,40,458,498,216,73,45,117,165,1735,23.6
Dirk Nowitzki,2015,36,DAL,https://d2cwpp38twqe55.cloudfront.net/req/201806291/images/players/nowitdi01.jpg,8,PF,77,77,29.6,6.3,13.8,0.459,1.4,3.6,0.38,5,10.2,0.486,0.508,3.3,3.8,0.882,0.6,5.4,5.9,1.9,0.5,0.4,1.1,2.1,17.3,77,77,2282,487,1062,0.459,104,274,0.38,383,788,0.486,0.508,255,289,0.882,44,413,457,143,39,33,82,160,1333,19.2
Dirk Nowitzki,2016,37,DAL,https://d2cwpp38twqe55.cloudfront.net/req/201806291/images/players/nowitdi01.jpg,8.3,PF,75,75,31.5,6.6,14.8,0.448,1.7,4.6,0.368,5,10.3,0.483,0.504,3.3,3.7,0.893,0.7,5.8,6.5,1.8,0.7,0.7,1.1,2.1,18.3,75,75,2364,498,1112,0.448,126,342,0.368,372,770,0.483,0.504,250,280,0.893,52,437,489,132,52,52,84,161,1372,19
Dirk Nowitzki,2017,38,DAL,https://d2cwpp38twqe55.cloudfront.net/req/201806291/images/players/nowitdi01.jpg,25,PF,54,54,26.4,5.5,12.6,0.437,1.5,3.9,0.378,4,8.7,0.463,0.495,1.8,2.1,0.875,0.4,6.1,6.5,1.5,0.6,0.7,0.9,2.1,14.2,54,54,1424,296,678,0.437,79,209,0.378,217,469,0.463,0.495,98,112,0.875,23,330,353,82,30,38,51,113,769,17
Blake Griffin,2010,21,LAC,https://d2cwpp38twqe55.cloudfront.net/req/201806291/images/players/griffbl01.jpg,5,PF,82,82,38,8.5,16.8,0.506,0.1,0.3,0.292,8.4,16.5,0.51,0.508,5.4,8.5,0.642,3.3,8.8,12.1,3.8,0.8,0.5,2.7,3.1,22.5,82,82,3112,696,1376,0.506,7,24,0.292,689,1352,0.51,0.508,446,695,0.642,270,719,989,312,63,45,223,252,1845,21.9
Blake Griffin,2011,22,LAC,https://d2cwpp38twqe55.cloudfront.net/req/201806291/images/players/griffbl01.jpg,5.3,PF,66,66,36.2,8.5,15.5,0.549,0,0.2,0.125,8.5,15.2,0.556,0.55,3.7,7.1,0.521,3.3,7.6,10.9,3.2,0.8,0.7,2.3,3.3,20.7,66,66,2392,561,1022,0.549,2,16,0.125,559,1006,0.556,0.55,244,468,0.521,218,499,717,210,54,48,150,216,1368,23.4
Blake Griffin,2012,23,LAC,https://d2cwpp38twqe55.cloudfront.net/req/201806291/images/players/griffbl01.jpg,5.7,PF,80,80,32.5,7.2,13.4,0.538,0.1,0.4,0.179,7.2,13.1,0.548,0.541,3.5,5.3,0.66,2.3,6,8.3,3.7,1.2,0.6,2.3,2.9,18,80,80,2598,577,1072,0.538,5,28,0.179,572,1044,0.548,0.541,281,426,0.66,186,476,662,299,97,50,185,231,1440,22.4
Blake Griffin,2013,24,LAC,https://d2cwpp38twqe55.cloudfront.net/req/201806291/images/players/griffbl01.jpg,7.2,PF,80,80,35.8,9,17,0.528,0.2,0.6,0.273,8.8,16.4,0.537,0.533,6,8.4,0.715,2.4,7.1,9.5,3.9,1.2,0.6,2.8,3.3,24.1,80,80,2863,718,1359,0.528,12,44,0.273,706,1315,0.537,0.533,482,674,0.715,192,565,757,309,92,51,224,265,1930,23.9
Blake Griffin,2014,25,LAC,https://d2cwpp38twqe55.cloudfront.net/req/201806291/images/players/griffbl01.jpg,16.4,PF,67,67,35.2,8.6,17.1,0.502,0.1,0.4,0.4,8.4,16.7,0.504,0.506,4.6,6.4,0.728,1.9,5.7,7.6,5.3,0.9,0.5,2.3,2.9,21.9,67,67,2356,574,1144,0.502,10,25,0.4,564,1119,0.504,0.506,311,427,0.728,126,382,508,354,63,35,152,196,1469,22.8
Blake Griffin,2015,26,LAC,https://d2cwpp38twqe55.cloudfront.net/req/201806291/images/players/griffbl01.jpg,17.6,PF,35,35,33.4,8.6,17.2,0.499,0.2,0.5,0.333,8.4,16.7,0.504,0.504,4,5.5,0.727,1.5,6.9,8.4,4.9,0.8,0.5,2.4,2.7,21.4,35,35,1170,301,603,0.499,6,18,0.333,295,585,0.504,0.504,141,194,0.727,51,243,294,170,28,17,83,95,749,22.1
Blake Griffin,2016,27,LAC,https://d2cwpp38twqe55.cloudfront.net/req/201806291/images/players/griffbl01.jpg,18.9,PF,61,61,34,7.9,15.9,0.493,0.6,1.9,0.336,7.2,14.1,0.514,0.513,5.2,6.9,0.76,1.8,6.3,8.1,4.9,0.9,0.4,2.3,2.6,21.6,61,61,2076,479,971,0.493,38,113,0.336,441,858,0.514,0.513,320,421,0.76,112,385,497,300,57,22,142,157,1316,22.6
Blake Griffin,2017,28,TOT,https://d2cwpp38twqe55.cloudfront.net/req/201806291/images/players/griffbl01.jpg,20.1,PF,58,58,34,7.5,17.2,0.438,1.9,5.6,0.345,5.6,11.6,0.482,0.493,4.5,5.7,0.785,1.3,6.1,7.4,5.8,0.7,0.3,2.8,2.4,21.4,58,58,1970,436,996,0.438,111,322,0.345,325,674,0.482,0.493,259,330,0.785,73,355,428,334,41,18,165,139,1242,19.6
Kobe Bryant,2003,24,LAL,https://d2cwpp38twqe55.cloudfront.net/req/201806291/images/players/bryanko01.jpg,12.3,SG,82,82,41.5,10.6,23.5,0.451,1.5,4,0.383,9.1,19.5,0.465,0.483,7.3,8.7,0.843,1.3,5.6,6.9,5.9,2.2,0.8,3.5,2.7,30,82,82,3401,868,1924,0.451,124,324,0.383,744,1600,0.465,0.483,601,713,0.843,106,458,564,481,181,67,288,218,2461,26.2
Kobe Bryant,2004,25,LAL,https://d2cwpp38twqe55.cloudfront.net/req/201806291/images/players/bryanko01.jpg,13.5,SG,65,64,37.6,7.9,18.1,0.438,1.1,3.3,0.327,6.8,14.8,0.463,0.468,7,8.2,0.852,1.6,3.9,5.5,5.1,1.7,0.4,2.6,2.7,24,65,64,2447,516,1178,0.438,71,217,0.327,445,961,0.463,0.468,454,533,0.852,103,256,359,330,112,28,171,176,1557,23.7
Kobe Bryant,2005,26,LAL,https://d2cwpp38twqe55.cloudfront.net/req/201806291/images/players/bryanko01.jpg,14.1,SG,66,66,40.7,8.7,20.1,0.433,2,5.9,0.339,6.7,14.2,0.472,0.482,8.2,10.1,0.816,1.4,4.5,5.9,6,1.3,0.8,4.1,2.6,27.6,66,66,2689,573,1324,0.433,131,387,0.339,442,937,0.472,0.482,542,664,0.816,95,297,392,398,86,53,270,174,1819,23.3
Kobe Bryant,2006,27,LAL,https://d2cwpp38twqe55.cloudfront.net/req/201806291/images/players/bryanko01.jpg,16,SG,80,80,41,12.2,27.2,0.45,2.3,6.5,0.347,10,20.7,0.482,0.491,8.7,10.2,0.85,0.9,4.4,5.3,4.5,1.8,0.4,3.1,2.9,35.4,80,80,3277,978,2173,0.45,180,518,0.347,798,1655,0.482,0.491,696,819,0.85,71,354,425,360,147,30,250,233,2832,28
Kobe Bryant,2007,28,LAL,https://d2cwpp38twqe55.cloudfront.net/req/201806291/images/players/bryanko01.jpg,17.7,SG,77,77,40.8,10.6,22.8,0.463,1.8,5.2,0.344,8.8,17.6,0.497,0.502,8.7,10,0.868,1,4.7,5.7,5.4,1.4,0.5,3.3,2.7,31.6,77,77,3140,813,1757,0.463,137,398,0.344,676,1359,0.497,0.502,667,768,0.868,75,364,439,413,111,36,255,205,2430,26.1
Kobe Bryant,2008,29,LAL,https://d2cwpp38twqe55.cloudfront.net/req/201806291/images/players/bryanko01.jpg,19.5,SG,82,82,38.9,9.5,20.6,0.459,1.8,5.1,0.361,7.6,15.5,0.49,0.503,7.6,9,0.84,1.1,5.2,6.3,5.4,1.8,0.5,3.1,2.8,28.3,82,82,3192,775,1690,0.459,150,415,0.361,625,1275,0.49,0.503,623,742,0.84,94,423,517,441,151,40,257,227,2323,24.2
Kobe Bryant,2009,30,LAL,https://d2cwpp38twqe55.cloudfront.net/req/201806291/images/players/bryanko01.jpg,21.2,SG,82,82,36.1,9.8,20.9,0.467,1.4,4.1,0.351,8.3,16.8,0.496,0.502,5.9,6.9,0.856,1.1,4.1,5.2,4.9,1.5,0.5,2.6,2.3,26.8,82,82,2960,800,1712,0.467,118,336,0.351,682,1376,0.496,0.502,483,564,0.856,90,339,429,399,120,37,210,189,2201,24.4
Kobe Bryant,2010,31,LAL,https://d2cwpp38twqe55.cloudfront.net/req/201806291/images/players/bryanko01.jpg,23,SG,73,73,38.8,9.8,21.5,0.456,1.4,4.1,0.329,8.5,17.4,0.487,0.488,6,7.4,0.811,1.1,4.3,5.4,5,1.5,0.3,3.2,2.6,27,73,73,2835,716,1569,0.456,99,301,0.329,617,1268,0.487,0.488,439,541,0.811,78,313,391,365,113,20,233,187,1970,21.9
Kobe Bryant,2011,32,LAL,https://d2cwpp38twqe55.cloudfront.net/req/201806291/images/players/bryanko01.jpg,24.8,SG,82,82,33.9,9,20,0.451,1.4,4.3,0.323,7.6,15.6,0.487,0.487,5.9,7.1,0.828,1,4.1,5.1,4.7,1.2,0.1,3,2.1,25.3,82,82,2779,740,1639,0.451,115,356,0.323,625,1283,0.487,0.487,483,583,0.828,83,336,419,388,99,12,243,172,2078,23.9
Kobe Bryant,2012,33,LAL,https://d2cwpp38twqe55.cloudfront.net/req/201806291/images/players/bryanko01.jpg,25.2,SG,58,58,38.5,9.9,23,0.43,1.5,4.9,0.303,8.4,18.1,0.464,0.462,6.6,7.8,0.845,1.1,4.3,5.4,4.6,1.2,0.3,3.5,1.8,27.9,58,58,2232,574,1336,0.43,87,287,0.303,487,1049,0.464,0.462,381,451,0.845,66,247,313,264,69,18,204,105,1616,21.9
Kobe Bryant,2013,34,LAL,https://d2cwpp38twqe55.cloudfront.net/req/201806291/images/players/bryanko01.jpg,27.8,SG,78,78,38.6,9.5,20.4,0.463,1.7,5.2,0.324,7.8,15.2,0.51,0.504,6.7,8,0.839,0.8,4.7,5.6,6,1.4,0.3,3.7,2.2,27.3,78,78,3013,738,1595,0.463,132,407,0.324,606,1188,0.51,0.504,525,626,0.839,66,367,433,469,106,25,287,173,2133,23
Kobe Bryant,2014,35,LAL,https://d2cwpp38twqe55.cloudfront.net/req/201806291/images/players/bryanko01.jpg,30.4,SG,6,6,29.5,5.2,12.2,0.425,0.5,2.7,0.188,4.7,9.5,0.491,0.445,3,3.5,0.857,0.3,4,4.3,6.3,1.2,0.2,5.7,1.5,13.8,6,6,177,31,73,0.425,3,16,0.188,28,57,0.491,0.445,18,21,0.857,2,24,26,38,7,1,34,9,83,10.7
Kobe Bryant,2015,36,LAL,https://d2cwpp38twqe55.cloudfront.net/req/201806291/images/players/bryanko01.jpg,23.5,SG,35,35,34.5,7.6,20.4,0.373,1.5,5.3,0.293,6.1,15.1,0.401,0.411,5.6,6.9,0.813,0.7,4.9,5.7,5.6,1.3,0.2,3.7,1.9,22.3,35,35,1207,266,713,0.373,54,184,0.293,212,529,0.401,0.411,196,241,0.813,26,173,199,197,47,7,128,65,782,17.6
Kobe Bryant,2016,37,LAL,https://d2cwpp38twqe55.cloudfront.net/req/201806291/images/players/bryanko01.jpg,25,SF,66,66,28.2,6,16.9,0.358,2,7.1,0.285,4,9.8,0.41,0.417,3.5,4.3,0.826,0.6,3.1,3.7,2.8,0.9,0.2,2,1.7,17.6,66,66,1863,398,1113,0.358,133,467,0.285,265,646,0.41,0.417,232,281,0.826,41,206,247,184,62,13,129,115,1161,14.9
Dwight Howard,2004,19,ORL,https://d2cwpp38twqe55.cloudfront.net/req/201806291/images/players/howardw01.jpg,4.1,PF,82,82,32.6,4.3,8.3,0.52,0,0,0,4.3,8.2,0.521,0.52,3.4,5,0.671,3.5,6.5,10,0.9,0.9,1.7,2,2.8,12,82,82,2670,352,677,0.52,0,2,0,352,675,0.521,0.52,277,413,0.671,287,536,823,75,77,136,165,232,981,17.2
Dwight Howard,2005,20,ORL,https://d2cwpp38twqe55.cloudfront.net/req/201806291/images/players/howardw01.jpg,4.5,PF,82,81,36.8,5.7,10.7,0.531,0,0,0,5.7,10.7,0.532,0.531,4.3,7.3,0.595,3.5,9,12.5,1.5,0.8,1.4,2.6,3.4,15.8,82,81,3021,468,881,0.531,0,2,0,468,879,0.532,0.531,356,598,0.595,288,734,1022,125,65,115,217,277,1292,19.3
Dwight Howard,2006,21,ORL,https://d2cwpp38twqe55.cloudfront.net/req/201806291/images/players/howardw01.jpg,4.8,C,82,82,36.9,6.4,10.6,0.603,0,0,0.5,6.4,10.6,0.603,0.603,4.8,8.1,0.586,3.5,8.8,12.3,1.9,0.9,1.9,3.9,3,17.6,82,82,3023,526,873,0.603,1,2,0.5,525,871,0.603,0.603,390,666,0.586,283,725,1008,158,70,156,317,245,1443,21.1
Dwight Howard,2007,22,ORL,https://d2cwpp38twqe55.cloudfront.net/req/201806291/images/players/howardw01.jpg,6,C,82,82,37.7,7.1,11.9,0.599,0,0,0,7.1,11.8,0.601,0.599,6.5,10.9,0.59,3.4,10.8,14.2,1.3,0.9,2.1,3.2,3.3,20.7,82,82,3088,583,974,0.599,0,4,0,583,970,0.601,0.599,529,897,0.59,279,882,1161,110,74,176,263,274,1695,22.9
Dwight Howard,2008,23,ORL,https://d2cwpp38twqe55.cloudfront.net/req/201806291/images/players/howardw01.jpg,13.7,C,79,79,35.7,7.1,12.4,0.572,0,0,0,7.1,12.4,0.573,0.572,6.4,10.7,0.594,4.3,9.6,13.8,1.4,1,2.9,3,3.4,20.6,79,79,2821,560,979,0.572,0,2,0,560,977,0.573,0.572,504,849,0.594,336,757,1093,112,77,231,240,270,1624,25.4
Dwight Howard,2009,24,ORL,https://d2cwpp38twqe55.cloudfront.net/req/201806291/images/players/howardw01.jpg,15.2,C,82,82,34.7,6.2,10.2,0.612,0,0.1,0,6.2,10.1,0.617,0.612,5.9,10,0.592,3.5,9.7,13.2,1.8,0.9,2.8,3.3,3.5,18.3,82,82,2843,510,834,0.612,0,7,0,510,827,0.617,0.612,483,816,0.592,284,798,1082,144,75,228,274,287,1503,24
Dwight Howard,2010,25,ORL,https://d2cwpp38twqe55.cloudfront.net/req/201806291/images/players/howardw01.jpg,16.6,C,78,78,37.6,7.9,13.4,0.593,0,0.1,0,7.9,13.3,0.597,0.593,7,11.7,0.596,4,10.1,14.1,1.4,1.4,2.4,3.6,3.3,22.9,78,78,2935,619,1044,0.593,0,7,0,619,1037,0.597,0.593,546,916,0.596,309,789,1098,107,107,186,279,258,1784,26.1
Dwight Howard,2011,26,ORL,https://d2cwpp38twqe55.cloudfront.net/req/201806291/images/players/howardw01.jpg,18,C,54,54,38.3,7.7,13.4,0.573,0,0.1,0,7.7,13.3,0.579,0.573,5.2,10.6,0.491,3.7,10.8,14.5,1.9,1.5,2.1,3.2,2.9,20.6,54,54,2070,416,726,0.573,0,7,0,416,719,0.579,0.573,281,572,0.491,200,585,785,104,81,116,175,159,1113,24.2
Dwight Howard,2012,27,LAL,https://d2cwpp38twqe55.cloudfront.net/req/201806291/images/players/howardw01.jpg,19.5,C,76,76,35.8,6.2,10.7,0.578,0,0.1,0.167,6.2,10.6,0.581,0.579,4.7,9.5,0.492,3.3,9.1,12.4,1.4,1.1,2.4,3,3.8,17.1,76,76,2722,470,813,0.578,1,6,0.167,469,807,0.581,0.579,355,721,0.492,251,694,945,108,84,186,225,291,1296,19.4
Dwight Howard,2013,28,HOU,https://d2cwpp38twqe55.cloudfront.net/req/201806291/images/players/howardw01.jpg,20.5,C,71,71,33.7,6.7,11.3,0.591,0,0.1,0.286,6.6,11.2,0.594,0.593,4.9,9,0.547,3.3,8.9,12.2,1.8,0.8,1.8,3.2,3.4,18.3,71,71,2396,473,800,0.591,2,7,0.286,471,793,0.594,0.593,349,638,0.547,231,635,866,131,60,128,229,240,1297,21.3
Dwight Howard,2014,29,HOU,https://d2cwpp38twqe55.cloudfront.net/req/201806291/images/players/howardw01.jpg,21.4,C,41,41,29.8,6.1,10.3,0.593,0,0,0.5,6.1,10.3,0.594,0.595,3.5,6.6,0.528,2.7,7.8,10.5,1.2,0.7,1.3,2.8,3.3,15.8,41,41,1223,251,423,0.593,1,2,0.5,250,421,0.594,0.595,143,271,0.528,110,321,431,50,28,53,115,137,646,19.2
Dwight Howard,2015,30,HOU,https://d2cwpp38twqe55.cloudfront.net/req/201806291/images/players/howardw01.jpg,22.3,C,71,71,32.1,5.2,8.5,0.62,0,0.1,0,5.2,8.4,0.626,0.62,3.3,6.7,0.489,3.4,8.4,11.8,1.4,1,1.6,2.3,3.1,13.7,71,71,2280,372,600,0.62,0,6,0,372,594,0.626,0.62,232,474,0.489,238,597,835,98,69,113,166,219,976,18.9
Dwight Howard,2016,31,ATL,https://d2cwpp38twqe55.cloudfront.net/req/201806291/images/players/howardw01.jpg,23.1,C,74,74,29.7,5.2,8.3,0.633,0,0,0,5.2,8.3,0.635,0.633,3.1,5.7,0.533,4,8.7,12.7,1.4,0.9,1.2,2.3,2.7,13.5,74,74,2199,388,613,0.633,0,2,0,388,611,0.635,0.633,226,424,0.533,296,644,940,104,64,92,170,203,1002,20.8
Dwight Howard,2017,32,CHO,https://d2cwpp38twqe55.cloudfront.net/req/201806291/images/players/howardw01.jpg,23.5,C,81,81,30.4,6.2,11.2,0.555,0,0.1,0.143,6.2,11.2,0.559,0.556,4.1,7.2,0.574,3.1,9.3,12.5,1.3,0.6,1.6,2.6,3.1,16.6,81,81,2463,506,911,0.555,1,7,0.143,505,904,0.559,0.556,334,582,0.574,255,757,1012,105,48,131,208,251,1347,20.5
Paul Pierce,2003,25,BOS,https://d2cwpp38twqe55.cloudfront.net/req/201806291/images/players/piercpa01.jpg,10,SG,79,79,39.2,8.4,20.2,0.416,1.5,4.9,0.302,6.9,15.2,0.454,0.454,7.6,9.5,0.802,1.3,6,7.3,4.4,1.8,0.8,3.6,2.9,25.9,79,79,3096,663,1592,0.416,118,391,0.302,545,1201,0.454,0.454,604,753,0.802,106,472,578,349,139,62,288,227,2048,22.7
Paul Pierce,2004,26,BOS,https://d2cwpp38twqe55.cloudfront.net/req/201806291/images/players/piercpa01.jpg,11.3,SG,80,80,38.7,7.5,18.7,0.402,1.4,4.8,0.299,6.1,13.9,0.438,0.441,6.5,7.9,0.819,0.9,5.7,6.5,5.1,1.6,0.7,3.8,2.9,23,80,80,3099,602,1497,0.402,115,384,0.299,487,1113,0.438,0.441,517,631,0.819,69,453,522,410,131,52,303,234,1836,19.4
Paul Pierce,2005,27,BOS,https://d2cwpp38twqe55.cloudfront.net/req/201806291/images/players/piercpa01.jpg,12.5,SF,82,82,36.1,6.8,14.9,0.455,1.3,3.6,0.37,5.5,11.4,0.481,0.499,6.7,8.1,0.822,1,5.6,6.6,4.2,1.6,0.5,2.8,3.1,21.6,82,82,2960,556,1223,0.455,108,292,0.37,448,931,0.481,0.499,549,668,0.822,78,461,539,348,133,39,230,255,1769,21.8
Paul Pierce,2006,28,BOS,https://d2cwpp38twqe55.cloudfront.net/req/201806291/images/players/piercpa01.jpg,13.8,SF,79,79,39,8.7,18.5,0.471,1.4,4,0.354,7.3,14.5,0.503,0.509,7.9,10.3,0.772,1,5.7,6.7,4.7,1.4,0.4,3.5,2.8,26.8,79,79,3084,689,1462,0.471,111,314,0.354,578,1148,0.503,0.509,627,812,0.772,77,453,530,375,107,34,273,223,2116,23.6
Paul Pierce,2007,29,BOS,https://d2cwpp38twqe55.cloudfront.net/req/201806291/images/players/piercpa01.jpg,15.1,SG,47,46,37,7.9,18.1,0.439,2.3,5.9,0.389,5.7,12.2,0.463,0.502,6.8,8.6,0.796,0.8,5.1,5.9,4.1,1,0.3,3.2,2.6,25,47,46,1740,373,850,0.439,107,275,0.389,266,575,0.463,0.502,320,402,0.796,39,238,277,194,48,13,152,122,1173,21.7
Paul Pierce,2008,30,BOS,https://d2cwpp38twqe55.cloudfront.net/req/201806291/images/players/piercpa01.jpg,16.3,SF,80,80,35.9,6.4,13.7,0.464,1.8,4.6,0.392,4.6,9.2,0.499,0.529,5.1,6.1,0.843,0.7,4.5,5.1,4.5,1.3,0.5,2.8,2.5,19.6,80,80,2874,509,1098,0.464,143,365,0.392,366,733,0.499,0.529,409,485,0.843,53,358,411,363,101,36,221,200,1570,19.6
Paul Pierce,2009,31,BOS,https://d2cwpp38twqe55.cloudfront.net/req/201806291/images/players/piercpa01.jpg,18,SF,81,81,37.5,6.7,14.6,0.457,1.5,3.8,0.391,5.2,10.8,0.48,0.508,5.7,6.8,0.83,0.7,5,5.6,3.6,1,0.3,2.8,2.7,20.5,81,81,3035,540,1181,0.457,119,304,0.391,421,877,0.48,0.508,459,553,0.83,56,401,457,294,80,27,228,215,1658,17.7
Paul Pierce,2010,32,BOS,https://d2cwpp38twqe55.cloudfront.net/req/201806291/images/players/piercpa01.jpg,19.8,SF,71,71,34,5.8,12.2,0.472,1.5,3.7,0.414,4.2,8.5,0.497,0.535,5.2,6.1,0.852,0.5,3.8,4.4,3.1,1.2,0.4,2.3,2.8,18.3,71,71,2411,409,867,0.472,109,263,0.414,300,604,0.497,0.535,369,433,0.852,39,271,310,218,84,31,166,196,1296,18.2
Paul Pierce,2011,33,BOS,https://d2cwpp38twqe55.cloudfront.net/req/201806291/images/players/piercpa01.jpg,13.8,SF,80,80,34.7,6.3,12.8,0.497,1.4,3.7,0.374,5,9.1,0.547,0.551,4.8,5.6,0.86,0.4,5,5.4,3.3,1,0.6,2.1,2.9,18.9,80,80,2774,507,1021,0.497,111,297,0.374,396,724,0.547,0.551,386,449,0.86,34,396,430,260,80,51,171,231,1511,19.7
Paul Pierce,2012,34,BOS,https://d2cwpp38twqe55.cloudfront.net/req/201806291/images/players/piercpa01.jpg,15.5,SF,61,61,34,6.5,14.6,0.443,1.6,4.5,0.366,4.8,10.1,0.476,0.499,4.8,5.6,0.852,0.6,4.6,5.2,4.5,1.1,0.4,2.8,2.4,19.4,61,61,2075,394,890,0.443,100,273,0.366,294,617,0.476,0.499,293,344,0.852,37,280,317,274,70,26,173,147,1181,19.6
Paul Pierce,2013,35,BOS,https://d2cwpp38twqe55.cloudfront.net/req/201806291/images/players/piercpa01.jpg,16.8,SF,77,77,33.4,6.2,14.2,0.436,1.9,5,0.38,4.3,9.2,0.466,0.502,4.3,5.5,0.787,0.6,5.7,6.3,4.8,1.1,0.4,2.8,2.7,18.6,77,77,2575,476,1092,0.436,145,382,0.38,331,710,0.466,0.502,333,423,0.787,45,442,487,370,84,30,214,210,1430,19.1
Paul Pierce,2014,36,BRK,https://d2cwpp38twqe55.cloudfront.net/req/201806291/images/players/piercpa01.jpg,15.3,SF,75,68,28,4.3,9.5,0.451,1.5,4,0.373,2.8,5.5,0.507,0.529,3.4,4.1,0.826,0.3,4.3,4.6,2.4,1.1,0.4,2,2.5,13.5,75,68,2098,321,712,0.451,112,300,0.373,209,412,0.507,0.529,256,310,0.826,26,322,348,178,86,31,153,190,1010,16.8
Paul Pierce,2015,37,WAS,https://d2cwpp38twqe55.cloudfront.net/req/201806291/images/players/piercpa01.jpg,5.3,SF,73,73,26.2,4,9,0.447,1.6,4.2,0.389,2.4,4.8,0.496,0.537,2.2,2.9,0.781,0.6,3.4,4,2,0.6,0.3,1.3,2.2,11.9,73,73,1914,293,656,0.447,118,303,0.389,175,353,0.496,0.537,164,210,0.781,45,249,294,144,46,24,92,160,868,15.2
Paul Pierce,2016,38,LAC,https://d2cwpp38twqe55.cloudfront.net/req/201806291/images/players/piercpa01.jpg,3.4,SF,68,38,18.1,2.1,5.8,0.363,1.1,3.6,0.31,1,2.3,0.445,0.457,0.8,1,0.818,0.2,2.6,2.7,1,0.5,0.3,0.9,1.9,6.1,68,38,1231,144,397,0.363,75,242,0.31,69,155,0.445,0.457,54,66,0.818,12,174,186,71,33,17,58,129,417,8.2
Paul Pierce,2017,39,LAC,https://d2cwpp38twqe55.cloudfront.net/req/201806291/images/players/piercpa01.jpg,3.5,SF,25,7,11.1,1.1,2.8,0.4,0.6,1.7,0.349,0.5,1.1,0.481,0.507,0.4,0.5,0.769,0,1.9,1.9,0.4,0.2,0.2,0.6,1.6,3.2,25,7,277,28,70,0.4,15,43,0.349,13,27,0.481,0.507,10,13,0.769,1,47,48,10,4,5,16,40,81,5.7
