{
    "nodes": [
        {
            "id": 1
        },
        {
            "id": 3
        },
        {
            "id": 8
        },
        {
            "id": 9
        },
        {
            "id": 12
        },
        {
            "id": 15
        },
        {
            "id": 23
        },
        {
            "id": 26
        },
        {
            "id": 37
        },
        {
            "id": 46
        },
        {
            "id": 2
        },
        {
            "id": 4
        },
        {
            "id": 5
        },
        {
            "id": 6
        },
        {
            "id": 7
        },
        {
            "id": 10
        },
        {
            "id": 11
        },
        {
            "id": 13
        },
        {
            "id": 14
        },
        {
            "id": 16
        },
        {
            "id": 18
        },
        {
            "id": 19
        },
        {
            "id": 20
        },
        {
            "id": 21
        },
        {
            "id": 22
        },
        {
            "id": 25
        },
        {
            "id": 27
        },
        {
            "id": 28
        },
        {
            "id": 29
        },
        {
            "id": 31
        },
        {
            "id": 33
        },
        {
            "id": 34
        },
        {
            "id": 35
        },
        {
            "id": 38
        },
        {
            "id": 41
        },
        {
            "id": 32
        },
        {
            "id": 40
        },
        {
            "id": 17
        },
        {
            "id": 36
        },
        {
            "id": 39
        },
        {
            "id": 44
        },
        {
            "id": 45
        },
        {
            "id": 42
        },
        {
            "id": 43
        },
        {
            "id": 24
        },
        {
            "id": 30
        }
    ],
    "links": [
        {
            "id": "2-8",
            "source": 2,
            "target": 8,
            "weight": 4
        },
        {
            "id": "2-13",
            "source": 2,
            "target": 13,
            "weight": 4
        },
        {
            "id": "2-14",
            "source": 2,
            "target": 14,
            "weight": 4
        },
        {
            "id": "2-27",
            "source": 2,
            "target": 27,
            "weight": 4
        },
        {
            "id": "2-28",
            "source": 2,
            "target": 28,
            "weight": 4
        },
        {
            "id": "2-38",
            "source": 2,
            "target": 38,
            "weight": 4
        },
        {
            "id": "3-1",
            "source": 3,
            "target": 1,
            "weight": 4
        },
        {
            "id": "3-9",
            "source": 3,
            "target": 9,
            "weight": 4
        },
        {
            "id": "3-12",
            "source": 3,
            "target": 12,
            "weight": 4
        },
        {
            "id": "3-32",
            "source": 3,
            "target": 32,
            "weight": 4
        },
        {
            "id": "3-46",
            "source": 3,
            "target": 46,
            "weight": 4
        },
        {
            "id": "5-39",
            "source": 5,
            "target": 39,
            "weight": 4
        },
        {
            "id": "6-19",
            "source": 6,
            "target": 19,
            "weight": 4
        },
        {
            "id": "6-45",
            "source": 6,
            "target": 45,
            "weight": 4
        },
        {
            "id": "7-20",
            "source": 7,
            "target": 20,
            "weight": 4
        },
        {
            "id": "7-29",
            "source": 7,
            "target": 29,
            "weight": 4
        },
        {
            "id": "7-34",
            "source": 7,
            "target": 34,
            "weight": 4
        },
        {
            "id": "8-1",
            "source": 8,
            "target": 1,
            "weight": 4
        },
        {
            "id": "8-4",
            "source": 8,
            "target": 4,
            "weight": 4
        },
        {
            "id": "8-12",
            "source": 8,
            "target": 12,
            "weight": 4
        },
        {
            "id": "8-22",
            "source": 8,
            "target": 22,
            "weight": 4
        },
        {
            "id": "8-32",
            "source": 8,
            "target": 32,
            "weight": 4
        },
        {
            "id": "10-8",
            "source": 10,
            "target": 8,
            "weight": 4
        },
        {
            "id": "11-20",
            "source": 11,
            "target": 20,
            "weight": 4
        },
        {
            "id": "11-45",
            "source": 11,
            "target": 45,
            "weight": 4
        },
        {
            "id": "14-2",
            "source": 14,
            "target": 2,
            "weight": 4
        },
        {
            "id": "17-23",
            "source": 17,
            "target": 23,
            "weight": 4
        },
        {
            "id": "18-2",
            "source": 18,
            "target": 2,
            "weight": 4
        },
        {
            "id": "18-20",
            "source": 18,
            "target": 20,
            "weight": 4
        },
        {
            "id": "18-25",
            "source": 18,
            "target": 25,
            "weight": 4
        },
        {
            "id": "20-8",
            "source": 20,
            "target": 8,
            "weight": 4
        },
        {
            "id": "20-11",
            "source": 20,
            "target": 11,
            "weight": 4
        },
        {
            "id": "20-14",
            "source": 20,
            "target": 14,
            "weight": 4
        },
        {
            "id": "20-18",
            "source": 20,
            "target": 18,
            "weight": 4
        },
        {
            "id": "20-27",
            "source": 20,
            "target": 27,
            "weight": 4
        },
        {
            "id": "20-28",
            "source": 20,
            "target": 28,
            "weight": 4
        },
        {
            "id": "20-29",
            "source": 20,
            "target": 29,
            "weight": 4
        },
        {
            "id": "20-38",
            "source": 20,
            "target": 38,
            "weight": 4
        },
        {
            "id": "21-17",
            "source": 21,
            "target": 17,
            "weight": 4
        },
        {
            "id": "21-29",
            "source": 21,
            "target": 29,
            "weight": 4
        },
        {
            "id": "21-44",
            "source": 21,
            "target": 44,
            "weight": 4
        },
        {
            "id": "21-45",
            "source": 21,
            "target": 45,
            "weight": 4
        },
        {
            "id": "22-38",
            "source": 22,
            "target": 38,
            "weight": 4
        },
        {
            "id": "23-17",
            "source": 23,
            "target": 17,
            "weight": 4
        },
        {
            "id": "23-26",
            "source": 23,
            "target": 26,
            "weight": 4
        },
        {
            "id": "23-29",
            "source": 23,
            "target": 29,
            "weight": 4
        },
        {
            "id": "23-39",
            "source": 23,
            "target": 39,
            "weight": 4
        },
        {
            "id": "23-44",
            "source": 23,
            "target": 44,
            "weight": 4
        },
        {
            "id": "25-19",
            "source": 25,
            "target": 19,
            "weight": 4
        },
        {
            "id": "25-26",
            "source": 25,
            "target": 26,
            "weight": 4
        },
        {
            "id": "26-17",
            "source": 26,
            "target": 17,
            "weight": 4
        },
        {
            "id": "26-28",
            "source": 26,
            "target": 28,
            "weight": 4
        },
        {
            "id": "27-2",
            "source": 27,
            "target": 2,
            "weight": 4
        },
        {
            "id": "27-20",
            "source": 27,
            "target": 20,
            "weight": 4
        },
        {
            "id": "27-29",
            "source": 27,
            "target": 29,
            "weight": 4
        },
        {
            "id": "28-17",
            "source": 28,
            "target": 17,
            "weight": 4
        },
        {
            "id": "28-23",
            "source": 28,
            "target": 23,
            "weight": 4
        },
        {
            "id": "28-44",
            "source": 28,
            "target": 44,
            "weight": 4
        },
        {
            "id": "29-2",
            "source": 29,
            "target": 2,
            "weight": 4
        },
        {
            "id": "29-7",
            "source": 29,
            "target": 7,
            "weight": 4
        },
        {
            "id": "29-20",
            "source": 29,
            "target": 20,
            "weight": 4
        },
        {
            "id": "29-23",
            "source": 29,
            "target": 23,
            "weight": 4
        },
        {
            "id": "34-33",
            "source": 34,
            "target": 33,
            "weight": 4
        },
        {
            "id": "35-27",
            "source": 35,
            "target": 27,
            "weight": 4
        },
        {
            "id": "36-19",
            "source": 36,
            "target": 19,
            "weight": 4
        },
        {
            "id": "36-25",
            "source": 36,
            "target": 25,
            "weight": 4
        },
        {
            "id": "36-28",
            "source": 36,
            "target": 28,
            "weight": 4
        },
        {
            "id": "36-39",
            "source": 36,
            "target": 39,
            "weight": 4
        },
        {
            "id": "38-7",
            "source": 38,
            "target": 7,
            "weight": 4
        },
        {
            "id": "38-14",
            "source": 38,
            "target": 14,
            "weight": 4
        },
        {
            "id": "38-41",
            "source": 38,
            "target": 41,
            "weight": 4
        },
        {
            "id": "39-23",
            "source": 39,
            "target": 23,
            "weight": 4
        },
        {
            "id": "39-26",
            "source": 39,
            "target": 26,
            "weight": 4
        },
        {
            "id": "39-44",
            "source": 39,
            "target": 44,
            "weight": 4
        },
        {
            "id": "42-34",
            "source": 42,
            "target": 34,
            "weight": 4
        },
        {
            "id": "44-26",
            "source": 44,
            "target": 26,
            "weight": 4
        },
        {
            "id": "44-36",
            "source": 44,
            "target": 36,
            "weight": 4
        },
        {
            "id": "44-39",
            "source": 44,
            "target": 39,
            "weight": 4
        },
        {
            "id": "45-17",
            "source": 45,
            "target": 17,
            "weight": 4
        },
        {
            "id": "45-19",
            "source": 45,
            "target": 19,
            "weight": 4
        },
        {
            "id": "45-20",
            "source": 45,
            "target": 20,
            "weight": 4
        },
        {
            "id": "45-25",
            "source": 45,
            "target": 25,
            "weight": 4
        },
        {
            "id": "45-44",
            "source": 45,
            "target": 44,
            "weight": 4
        },
        {
            "id": "46-3",
            "source": 46,
            "target": 3,
            "weight": 4
        }
    ]
}