[
   {
      "id":"96755848-69bd-11e9-96fa-636337383936",
      "status":null,
      "business_impact":"low",
      "classification":"CI.NONE",
      "from":"Allprobe Overall Service",
      "to":"Allprobe Overall Service",
      "color":"steelblue",
      "width":"2"
   },
   {
      "from":"Allprobe microservice Daily Reports",
      "status":"online",
      "business_impact":[
         "medium"
      ],
      "classification":[
         "CI.BUSINESSPROCESS"
      ],
      "to":"Allprobe Overall Service",
      "color":"",
      "width":"2"
   },
   {
      "id":"43d0ebfc-7886-11e9-baae-633962636565",
      "status":"online",
      "business_impact":[
         "medium"
      ],
      "classification":[
         "CI.BUSINESSPROCESS"
      ],
      "from":"Allprobe microservice Daily Reports",
      "to":"Allprobe microservice Daily Reports",
      "color":"steelblue",
      "width":"2"
   },
   {
      "from":"AllProbe-staging",
      "status":"online",
      "business_impact":"low",
      "classification":[
         "CI.NONE"
      ],
      "to":"Allprobe microservice Daily Reports",
      "color":"",
      "width":"2"
   },
   {
      "id":"3cb23668-66ad-11e9-be1e-383535626437",
      "status":"online",
      "business_impact":"low",
      "classification":[
         "CI.NONE"
      ],
      "from":"AllProbe-staging",
      "to":"AllProbe-staging",
      "color":"steelblue",
      "width":"2"
   },
   {
      "from":"SRV27",
      "status":"online",
      "business_impact":"low",
      "classification":[
         "CI.NONE"
      ],
      "to":"AllProbe-staging",
      "color":"",
      "width":"2"
   },
   {
      "id":"3cb29356-66ad-11e9-9172-353538303761",
      "status":"online",
      "business_impact":"low",
      "classification":[
         "CI.NONE"
      ],
      "from":"SRV27",
      "to":"SRV27",
      "color":"steelblue",
      "width":"2"
   },
   {
      "from":"M-02",
      "status":"online",
      "business_impact":"low",
      "classification":[
         "CI.NONE"
      ],
      "to":"SRV27",
      "color":"",
      "width":"2"
   },
   {
      "id":"e0161e2e-7882-11e8-88d9-623837633865",
      "status":"online",
      "business_impact":"low",
      "classification":[
         "CI.NONE"
      ],
      "from":"M-02",
      "to":"M-02",
      "color":"steelblue",
      "width":"2"
   },   
   {
      "id":"e0161e2e-7882-11e338-88d9-623837633865",
      "status":"online",
      "business_impact":"low",
      "classification":[
         "CI.NONE"
      ],
      "from":"NV-GW-1",
      "to":"NV-GW-1",
      "color":"steelblue",
      "width":"2"
   },   
   {
      "id":"e016132e-7882-11e338-88d9-623837633865",
      "status":"online",
      "business_impact":"low",
      "classification":[
         "CI.NONE"
      ],
      "from":"\u05e1\u05dc\u05e7\u05d5\u05dd",
      "to":"\u05e1\u05dc\u05e7\u05d5\u05dd",
      "color":"steelblue",
      "width":"2"
   },
   {
      "from":"NV-GW-1",
      "status":"online",
      "business_impact":"low",
      "classification":[
         "CI.NONE"
      ],
      "to":"M-02",
      "color":"",
      "width":"2"
   },
   {
      "from":"\u05e1\u05dc\u05e7\u05d5\u05dd",
      "status":"online",
      "business_impact":"low",
      "classification":[
         "CI.NONE"
      ],
      "to":"M-02",
      "color":"",
      "width":"2"
   },
   {
      "from":"\u05e1\u05dc\u05e7\u05d5\u05dd \u05e8\u05d0\u05e9 \u05d4\u05e2\u05d9\u05df",
      "status":"online",
      "business_impact":"low",
      "classification":[
         "CI.NONE"
      ],
      "to":"M-02",
      "color":"",
      "width":"2"
   },
   {
      "id":"adbc2c9c-9f9e-479e-9650-f702b8f68d5f",
      "status":"online",
      "business_impact":"low",
      "classification":[
         "CI.NONE"
      ],
      "from":"\u05e1\u05dc\u05e7\u05d5\u05dd \u05e8\u05d0\u05e9 \u05d4\u05e2\u05d9\u05df",
      "to":"\u05e1\u05dc\u05e7\u05d5\u05dd \u05e8\u05d0\u05e9 \u05d4\u05e2\u05d9\u05df",
      "color":"steelblue",
      "width":"2"
   },   
   {
      "id":"adbc2c9c-93a9e-479e-9650-f702b8f68d5f",
      "status":"online",
      "business_impact":"low",
      "classification":[
         "CI.NONE"
      ],
      "from":"(IL) Israel - Asia",
      "to":"(IL) Israel - Asia",
      "color":"steelblue",
      "width":"2"
   },
   {
      "from":"\u05e1\u05dc\u05e7\u05d5\u05dd",
      "status":"online",
      "business_impact":"low",
      "classification":[
         "CI.NONE"
      ],
      "to":"\u05e1\u05dc\u05e7\u05d5\u05dd \u05e8\u05d0\u05e9 \u05d4\u05e2\u05d9\u05df",
      "color":"",
      "width":"2"
   },
   {
      "from":"(IL) Israel - Asia",
      "status":"online",
      "business_impact":"low",
      "classification":[
         "CI.SYSTEM"
      ],
      "to":"\u05e1\u05dc\u05e7\u05d5\u05dd \u05e8\u05d0\u05e9 \u05d4\u05e2\u05d9\u05df",
      "color":"",
      "width":"2"
   },
   {
      "from":"Redis 2.x",
      "status":"online",
      "business_impact":"low",
      "classification":[
         "CI.SYSTEM"
      ],
      "to":"AllProbe-staging",
      "color":"",
      "width":"2"
   },
   {
      "from":"Allprobe microservice Web Cluster",
      "status":"online",
      "business_impact":[
         "medium"
      ],
      "classification":[
         "CI.BUSINESSPROCESS"
      ],
      "to":"Allprobe microservice Daily Reports",
      "color":"",
      "width":"2"
   },
   {
      "id":"43d0f386-7886-11e9-a4cc-373730323066",
      "status":"online",
      "business_impact":[
         "medium"
      ],
      "classification":[
         "CI.BUSINESSPROCESS"
      ],
      "from":"Allprobe microservice Web Cluster",
      "to":"Allprobe microservice Web Cluster",
      "color":"steelblue",
      "width":"2"
   },   
   {
      "id":"43deef386-7886-11e9-a4cc-373730323066",
      "status":"online",
      "business_impact":[
         "medium"
      ],
      "classification":[
         "CI.BUSINESSPROCESS"
      ],
      "from":"Redis 2.x",
      "to":"Redis 2.x",
      "color":"steelblue",
      "width":"2"
   },
   {
      "from":"APR-GRID1-WEB-1",
      "status":"online",
      "business_impact":"low",
      "classification":[
         "CI.NONE"
      ],
      "to":"Allprobe microservice Web Cluster",
      "color":"",
      "width":"2"
   },
   {
      "id":"3cb27f6a-66ad-11e9-ad2c-613236336235",
      "status":"online",
      "business_impact":"low",
      "classification":[
         "CI.NONE"
      ],
      "from":"APR-GRID1-WEB-1",
      "to":"APR-GRID1-WEB-1",
      "color":"steelblue",
      "width":"2"
   },
   {
      "from":"SRV28",
      "status":"online",
      "business_impact":"low",
      "classification":[
         "CI.NONE"
      ],
      "to":"APR-GRID1-WEB-1",
      "color":"",
      "width":"2"
   },
   {
      "id":"3cb28f0a-66ad-11e9-8c27-333261656362",
      "status":"online",
      "business_impact":"low",
      "classification":[
         "CI.NONE"
      ],
      "from":"SRV28",
      "to":"SRV28",
      "color":"steelblue",
      "width":"2"
   },
   {
      "from":"M-02",
      "status":"online",
      "business_impact":"low",
      "classification":[
         "CI.NONE"
      ],
      "to":"SRV28",
      "color":"",
      "width":"2"
   },
   {
      "from":"Nginx 1.x",
      "status":"online",
      "business_impact":"low",
      "classification":[
         "CI.SYSTEM"
      ],
      "to":"APR-GRID1-WEB-1",
      "color":"",
      "width":"2"
   },
   {
      "from":"PHP 5.x",
      "status":"online",
      "business_impact":"low",
      "classification":[
         "CI.SYSTEM"
      ],
      "to":"APR-GRID1-WEB-1",
      "color":"",
      "width":"2"
   },
   {
      "from":"BASH 5.x",
      "status":"online",
      "business_impact":"low",
      "classification":[
         "CI.SYSTEM"
      ],
      "to":"APR-GRID1-WEB-1",
      "color":"",
      "width":"2"
   },
   {
      "from":"8 (Jessie)",
      "status":"online",
      "business_impact":"low",
      "classification":[
         "CI.SYSTEM"
      ],
      "to":"APR-GRID1-WEB-1",
      "color":"",
      "width":"2"
   },
   {
      "from":"APR-GRID1-WEB-2",
      "status":"online",
      "business_impact":"low",
      "classification":[
         "CI.NONE"
      ],
      "to":"Allprobe microservice Web Cluster",
      "color":"",
      "width":"2"
   },
   {
      "id":"3cb285be-66ad-11e9-89b8-343632663031",
      "status":"online",
      "business_impact":"low",
      "classification":[
         "CI.NONE"
      ],
      "from":"APR-GRID1-WEB-2",
      "to":"APR-GRID1-WEB-2",
      "color":"steelblue",
      "width":"2"
   },   {
      "id":"3cb285be-66ad-11e9-89b8-343632663031",
      "status":"online",
      "business_impact":"low",
      "classification":[
         "CI.NONE"
      ],
      "from":"8 (Jessie)",
      "to":"8 (Jessie)",
      "color":"steelblue",
      "width":"2"
   },
   {
      "from":"SRV29",
      "status":"online",
      "business_impact":"low",
      "classification":[
         "CI.NONE"
      ],
      "to":"APR-GRID1-WEB-2",
      "color":"",
      "width":"2"
   },
   {
      "id":"3cb27a9c-66ad-11e9-9fa2-363033303531",
      "status":"online",
      "business_impact":"low",
      "classification":[
         "CI.NONE"
      ],
      "from":"SRV29",
      "to":"SRV29",
      "color":"steelblue",
      "width":"2"
   },
   {
      "from":"Proxmox 5.x",
      "status":null,
      "business_impact":"low",
      "classification":"CI.NONE",
      "to":"SRV29",
      "color":"",
      "width":"2"
   },
   {
      "from":"M-02",
      "status":"online",
      "business_impact":"low",
      "classification":[
         "CI.NONE"
      ],
      "to":"SRV29",
      "color":"",
      "width":"2"
   },
   {
      "from":"Nginx 1.x",
      "status":"online",
      "business_impact":"low",
      "classification":[
         "CI.SYSTEM"
      ],
      "to":"APR-GRID1-WEB-2",
      "color":"",
      "width":"2"
   },
   {
      "from":"PHP 5.x",
      "status":"online",
      "business_impact":"low",
      "classification":[
         "CI.SYSTEM"
      ],
      "to":"APR-GRID1-WEB-2",
      "color":"",
      "width":"2"
   },
   {
      "from":"BASH 5.x",
      "status":"online",
      "business_impact":"low",
      "classification":[
         "CI.SYSTEM"
      ],
      "to":"APR-GRID1-WEB-2",
      "color":"",
      "width":"2"
   },
   {
      "from":"8 (Jessie)",
      "status":"online",
      "business_impact":"low",
      "classification":[
         "CI.SYSTEM"
      ],
      "to":"APR-GRID1-WEB-2",
      "color":"",
      "width":"2"
   },
   {
      "from":"HA-PROXY1",
      "status":"online",
      "business_impact":"low",
      "classification":[
         "CI.NONE"
      ],
      "to":"Allprobe microservice Web Cluster",
      "color":"",
      "width":"2"
   },
   {
      "id":"3cb28b7c-66ad-11e9-92b3-333662396263",
      "status":"online",
      "business_impact":"low",
      "classification":[
         "CI.NONE"
      ],
      "from":"HA-PROXY1",
      "to":"HA-PROXY1",
      "color":"steelblue",
      "width":"2"
   },      
   {
      "id":"3cb28b7c-66ad-11e9-92b3-333662396263",
      "status":"online",
      "business_impact":"low",
      "classification":[
         "CI.NONE"
      ],
      "from":"PHP 5.x",
      "to":"PHP 5.x",
      "color":"steelblue",
      "width":"2"
   },   
   {
      "id":"3cb28b7c-66ad-11e9-92b3-333662396263",
      "status":"online",
      "business_impact":"low",
      "classification":[
         "CI.NONE"
      ],
      "from":"Nginx 1.x",
      "to":"Nginx 1.x",
      "color":"steelblue",
      "width":"2"
   },   
   {
      "id":"3cb28b7c-66ad-11e9-92b3-333662396263",
      "status":"online",
      "business_impact":"low",
      "classification":[
         "CI.NONE"
      ],
      "from":"BASH 5.x",
      "to":"BASH 5.x",
      "color":"steelblue",
      "width":"2"
   },
   {
      "from":"M-02",
      "status":"online",
      "business_impact":"low",
      "classification":[
         "CI.NONE"
      ],
      "to":"HA-PROXY1",
      "color":"",
      "width":"2"
   },
   {
      "from":"Allprobe microservice BigData",
      "status":"online",
      "business_impact":[
         "medium"
      ],
      "classification":[
         "CI.BUSINESSPROCESS"
      ],
      "to":"Allprobe Overall Service",
      "color":"",
      "width":"2"
   },
   {
      "id":"43d0f084-7886-11e9-ad89-343436386565",
      "status":"online",
      "business_impact":[
         "medium"
      ],
      "classification":[
         "CI.BUSINESSPROCESS"
      ],
      "from":"Allprobe microservice BigData",
      "to":"Allprobe microservice BigData",
      "color":"steelblue",
      "width":"2"
   },
   {
      "from":"RR-CAS1",
      "status":"online",
      "business_impact":"low",
      "classification":[
         "CI.NONE"
      ],
      "to":"Allprobe microservice BigData",
      "color":"",
      "width":"2"
   },
   {
      "id":"d2972738-6c4d-11e9-95dd-356131313931",
      "status":"online",
      "business_impact":"low",
      "classification":[
         "CI.NONE"
      ],
      "from":"RR-CAS1",
      "to":"RR-CAS1",
      "color":"steelblue",
      "width":"2"
   },   {
      "id":"d29727338-6c334d-11e9-95dd-356131313931",
      "status":"online",
      "business_impact":"low",
      "classification":[
         "CI.NONE"
      ],
      "from":"RR - Cas-1 Crons",
      "to":"RR - Cas-1 Crons",
      "color":"steelblue",
      "width":"2"
   },
   {
      "from":"RR - Cas-1 Crons",
      "status":"online",
      "business_impact":[
         "medium"
      ],
      "classification":[
         "CI.SYSTEM"
      ],
      "to":"RR-CAS1",
      "color":"",
      "width":"2"
   },
   {
      "from":"8 (Jessie)",
      "status":"online",
      "business_impact":"low",
      "classification":[
         "CI.SYSTEM"
      ],
      "to":"RR-CAS1",
      "color":"",
      "width":"2"
   },
   {
      "from":"Cassandra 2.x",
      "status":"online",
      "business_impact":"low",
      "classification":[
         "CI.SYSTEM"
      ],
      "to":"RR-CAS1",
      "color":"",
      "width":"2"
   },
   {
      "from":"M-02",
      "status":"online",
      "business_impact":"low",
      "classification":[
         "CI.NONE"
      ],
      "to":"RR-CAS1",
      "color":"",
      "width":"2"
   },
   {
      "from":"RR-CAS3",
      "status":"online",
      "business_impact":"low",
      "classification":[
         "CI.NONE"
      ],
      "to":"Allprobe microservice BigData",
      "color":"",
      "width":"2"
   },
   {
      "id":"d2972878-6c4d-11e9-b906-353863613762",
      "status":"online",
      "business_impact":"low",
      "classification":[
         "CI.NONE"
      ],
      "from":"RR-CAS3",
      "to":"RR-CAS3",
      "color":"steelblue",
      "width":"2"
   },   {
      "id":"d2972878-6c94d-11e9-b906-353863613762",
      "status":"online",
      "business_impact":"low",
      "classification":[
         "CI.NONE"
      ],
      "from":"RR - Cas-3 Crons",
      "to":"RR - Cas-3 Crons",
      "color":"steelblue",
      "width":"2"
   },
   {
      "from":"RR - Cas-3 Crons",
      "status":"online",
      "business_impact":[
         "medium"
      ],
      "classification":[
         "CI.SYSTEM"
      ],
      "to":"RR-CAS3",
      "color":"",
      "width":"2"
   },
   {
      "from":"8 (Jessie)",
      "status":"online",
      "business_impact":"low",
      "classification":[
         "CI.SYSTEM"
      ],
      "to":"RR-CAS3",
      "color":"",
      "width":"2"
   },
   {
      "from":"Cassandra 2.x",
      "status":"online",
      "business_impact":"low",
      "classification":[
         "CI.SYSTEM"
      ],
      "to":"RR-CAS3",
      "color":"",
      "width":"2"
   },
   {
      "from":"M-02",
      "status":"online",
      "business_impact":"low",
      "classification":[
         "CI.NONE"
      ],
      "to":"RR-CAS3",
      "color":"",
      "width":"2"
   },
   {
      "from":"RR-CAS2",
      "status":"online",
      "business_impact":"low",
      "classification":[
         "CI.NONE"
      ],
      "to":"Allprobe microservice BigData",
      "color":"",
      "width":"2"
   },
   {
      "id":"d297312e-6c4d-11e9-9391-663630393536",
      "status":"online",
      "business_impact":"low",
      "classification":[
         "CI.NONE"
      ],
      "from":"RR-CAS2",
      "to":"RR-CAS2",
      "color":"steelblue",
      "width":"2"
   },   {
      "id":"d297312e-6c34d-11e9-9391-663630393536",
      "status":"online",
      "business_impact":"low",
      "classification":[
         "CI.NONE"
      ],
      "from":"Proxmox 5.x",
      "to":"Proxmox 5.x",
      "color":"steelblue",
      "width":"2"
   },{
      "id":"d297312e-6c34d-190e9-9391-663630393536",
      "status":"online",
      "business_impact":"low",
      "classification":[
         "CI.NONE"
      ],
      "from":"RR - Cas-2 Crons",
      "to":"RR - Cas-2 Crons",
      "color":"steelblue",
      "width":"2"
   },
   {
      "from":"RR - Cas-2 Crons",
      "status":"online",
      "business_impact":[
         "medium"
      ],
      "classification":[
         "CI.SYSTEM"
      ],
      "to":"RR-CAS2",
      "color":"",
      "width":"2"
   },
   {
      "from":"8 (Jessie)",
      "status":"online",
      "business_impact":"low",
      "classification":[
         "CI.SYSTEM"
      ],
      "to":"RR-CAS2",
      "color":"",
      "width":"2"
   },
   {
      "from":"Cassandra 2.x",
      "status":"online",
      "business_impact":"low",
      "classification":[
         "CI.SYSTEM"
      ],
      "to":"RR-CAS2",
      "color":"",
      "width":"2"
   },
   {
      "from":"M-02",
      "status":"online",
      "business_impact":"low",
      "classification":[
         "CI.NONE"
      ],
      "to":"RR-CAS2",
      "color":"",
      "width":"2"
   },
   {
      "from":"Allprobe microservice Cache",
      "status":"online",
      "business_impact":[
         "medium"
      ],
      "classification":[
         "CI.BUSINESSPROCESS"
      ],
      "to":"Allprobe Overall Service",
      "color":"",
      "width":"2"
   },
   {
      "id":"43d0f20a-7886-11e9-a7d4-643433613932",
      "status":"online",
      "business_impact":[
         "medium"
      ],
      "classification":[
         "CI.BUSINESSPROCESS"
      ],
      "from":"Allprobe microservice Cache",
      "to":"Allprobe microservice Cache",
      "color":"steelblue",
      "width":"2"
   },   
   {
      "id":"43d0f202a-7886-11e9-a7d4-643433613932",
      "status":"online",
      "business_impact":[
         "medium"
      ],
      "classification":[
         "CI.BUSINESSPROCESS"
      ],
      "from":"Cassandra 2.x",
      "to":"Cassandra 2.x",
      "color":"steelblue",
      "width":"2"
   },
   {
      "from":"AllProbe-staging",
      "status":"online",
      "business_impact":"low",
      "classification":[
         "CI.NONE"
      ],
      "to":"Allprobe microservice Cache",
      "color":"",
      "width":"2"
   },
   {
      "from":"Allprobe microservice Web Cluster",
      "status":"online",
      "business_impact":[
         "medium"
      ],
      "classification":[
         "CI.BUSINESSPROCESS"
      ],
      "to":"Allprobe Overall Service",
      "color":"",
      "width":"2"
   }
]